video_id,path,split,label,class_name,source,ucf_category,evaluation_type
Abuse001_x264,C:\Users\Jnapikachowdary\Downloads\Anomaly-Videos-Part-1\Anomaly-Videos-Part-1\Abuse\Abuse001_x264.mp4,train,1,Anomaly,UCF-Crime,abuse,binary_anomaly_detection
Abuse002_x264,C:\Users\Jnapikachowdary\Downloads\Anomaly-Videos-Part-1\Anomaly-Videos-Part-1\Abuse\Abuse002_x264.mp4,train,1,Anomaly,UCF-Crime,abuse,binary_anomaly_detection
Abuse003_x264,C:\Users\Jnapikachowdary\Downloads\Anomaly-Videos-Part-1\Anomaly-Videos-Part-1\Abuse\Abuse003_x264.mp4,train,1,Anomaly,UCF-Crime,abuse,binary_anomaly_detection
Abuse004_x264,C:\Users\Jnapikachowdary\Downloads\Anomaly-Videos-Part-1\Anomaly-Videos-Part-1\Abuse\Abuse004_x264.mp4,train,1,Anomaly,UCF-Crime,abuse,binary_anomaly_detection
Abuse005_x264,C:\Users\Jnapikachowdary\Downloads\Anomaly-Videos-Part-1\Anomaly-Videos-Part-1\Abuse\Abuse005_x264.mp4,train,1,Anomaly,UCF-Crime,abuse,binary_anomaly_detection
Abuse006_x264,C:\Users\Jnapikachowdary\Downloads\Anomaly-Videos-Part-1\Anomaly-Videos-Part-1\Abuse\Abuse006_x264.mp4,train,1,Anomaly,UCF-Crime,abuse,binary_anomaly_detection
Abuse007_x264,C:\Users\Jnapikachowdary\Downloads\Anomaly-Videos-Part-1\Anomaly-Videos-Part-1\Abuse\Abuse007_x264.mp4,train,1,Anomaly,UCF-Crime,abuse,binary_anomaly_detection
Abuse008_x264,C:\Users\Jnapikachowdary\Downloads\Anomaly-Videos-Part-1\Anomaly-Videos-Part-1\Abuse\Abuse008_x264.mp4,train,1,Anomaly,UCF-Crime,abuse,binary_anomaly_detection
Abuse009_x264,C:\Users\Jnapikachowdary\Downloads\Anomaly-Videos-Part-1\Anomaly-Videos-Part-1\Abuse\Abuse009_x264.mp4,train,1,Anomaly,UCF-Crime,abuse,binary_anomaly_detection
Abuse010_x264,C:\Users\Jnapikachowdary\Downloads\Anomaly-Videos-Part-1\Anomaly-Videos-Part-1\Abuse\Abuse010_x264.mp4,train,1,Anomaly,UCF-Crime,abuse,binary_anomaly_detection
Abuse011_x264,C:\Users\Jnapikachowdary\Downloads\Anomaly-Videos-Part-1\Anomaly-Videos-Part-1\Abuse\Abuse011_x264.mp4,train,1,Anomaly,UCF-Crime,abuse,binary_anomaly_detection
Abuse012_x264,C:\Users\Jnapikachowdary\Downloads\Anomaly-Videos-Part-1\Anomaly-Videos-Part-1\Abuse\Abuse012_x264.mp4,train,1,Anomaly,UCF-Crime,abuse,binary_anomaly_detection
Abuse013_x264,C:\Users\Jnapikachowdary\Downloads\Anomaly-Videos-Part-1\Anomaly-Videos-Part-1\Abuse\Abuse013_x264.mp4,train,1,Anomaly,UCF-Crime,abuse,binary_anomaly_detection
Abuse014_x264,C:\Users\Jnapikachowdary\Downloads\Anomaly-Videos-Part-1\Anomaly-Videos-Part-1\Abuse\Abuse014_x264.mp4,train,1,Anomaly,UCF-Crime,abuse,binary_anomaly_detection
Abuse015_x264,C:\Users\Jnapikachowdary\Downloads\Anomaly-Videos-Part-1\Anomaly-Videos-Part-1\Abuse\Abuse015_x264.mp4,train,1,Anomaly,UCF-Crime,abuse,binary_anomaly_detection
Abuse016_x264,C:\Users\Jnapikachowdary\Downloads\Anomaly-Videos-Part-1\Anomaly-Videos-Part-1\Abuse\Abuse016_x264.mp4,train,1,Anomaly,UCF-Crime,abuse,binary_anomaly_detection
Abuse017_x264,C:\Users\Jnapikachowdary\Downloads\Anomaly-Videos-Part-1\Anomaly-Videos-Part-1\Abuse\Abuse017_x264.mp4,train,1,Anomaly,UCF-Crime,abuse,binary_anomaly_detection
Abuse018_x264,C:\Users\Jnapikachowdary\Downloads\Anomaly-Videos-Part-1\Anomaly-Videos-Part-1\Abuse\Abuse018_x264.mp4,train,1,Anomaly,UCF-Crime,abuse,binary_anomaly_detection
Abuse019_x264,C:\Users\Jnapikachowdary\Downloads\Anomaly-Videos-Part-1\Anomaly-Videos-Part-1\Abuse\Abuse019_x264.mp4,train,1,Anomaly,UCF-Crime,abuse,binary_anomaly_detection
Abuse020_x264,C:\Users\Jnapikachowdary\Downloads\Anomaly-Videos-Part-1\Anomaly-Videos-Part-1\Abuse\Abuse020_x264.mp4,train,1,Anomaly,UCF-Crime,abuse,binary_anomaly_detection
Abuse021_x264,C:\Users\Jnapikachowdary\Downloads\Anomaly-Videos-Part-1\Anomaly-Videos-Part-1\Abuse\Abuse021_x264.mp4,train,1,Anomaly,UCF-Crime,abuse,binary_anomaly_detection
Abuse022_x264,C:\Users\Jnapikachowdary\Downloads\Anomaly-Videos-Part-1\Anomaly-Videos-Part-1\Abuse\Abuse022_x264.mp4,train,1,Anomaly,UCF-Crime,abuse,binary_anomaly_detection
Abuse023_x264,C:\Users\Jnapikachowdary\Downloads\Anomaly-Videos-Part-1\Anomaly-Videos-Part-1\Abuse\Abuse023_x264.mp4,train,1,Anomaly,UCF-Crime,abuse,binary_anomaly_detection
Abuse024_x264,C:\Users\Jnapikachowdary\Downloads\Anomaly-Videos-Part-1\Anomaly-Videos-Part-1\Abuse\Abuse024_x264.mp4,train,1,Anomaly,UCF-Crime,abuse,binary_anomaly_detection
Abuse025_x264,C:\Users\Jnapikachowdary\Downloads\Anomaly-Videos-Part-1\Anomaly-Videos-Part-1\Abuse\Abuse025_x264.mp4,train,1,Anomaly,UCF-Crime,abuse,binary_anomaly_detection
Abuse026_x264,C:\Users\Jnapikachowdary\Downloads\Anomaly-Videos-Part-1\Anomaly-Videos-Part-1\Abuse\Abuse026_x264.mp4,train,1,Anomaly,UCF-Crime,abuse,binary_anomaly_detection
Abuse027_x264,C:\Users\Jnapikachowdary\Downloads\Anomaly-Videos-Part-1\Anomaly-Videos-Part-1\Abuse\Abuse027_x264.mp4,train,1,Anomaly,UCF-Crime,abuse,binary_anomaly_detection
Abuse029_x264,C:\Users\Jnapikachowdary\Downloads\Anomaly-Videos-Part-1\Anomaly-Videos-Part-1\Abuse\Abuse029_x264.mp4,train,1,Anomaly,UCF-Crime,abuse,binary_anomaly_detection
Abuse031_x264,C:\Users\Jnapikachowdary\Downloads\Anomaly-Videos-Part-1\Anomaly-Videos-Part-1\Abuse\Abuse031_x264.mp4,train,1,Anomaly,UCF-Crime,abuse,binary_anomaly_detection
Abuse032_x264,C:\Users\Jnapikachowdary\Downloads\Anomaly-Videos-Part-1\Anomaly-Videos-Part-1\Abuse\Abuse032_x264.mp4,train,1,Anomaly,UCF-Crime,abuse,binary_anomaly_detection
Abuse033_x264,C:\Users\Jnapikachowdary\Downloads\Anomaly-Videos-Part-1\Anomaly-Videos-Part-1\Abuse\Abuse033_x264.mp4,train,1,Anomaly,UCF-Crime,abuse,binary_anomaly_detection
Abuse034_x264,C:\Users\Jnapikachowdary\Downloads\Anomaly-Videos-Part-1\Anomaly-Videos-Part-1\Abuse\Abuse034_x264.mp4,train,1,Anomaly,UCF-Crime,abuse,binary_anomaly_detection
Abuse035_x264,C:\Users\Jnapikachowdary\Downloads\Anomaly-Videos-Part-1\Anomaly-Videos-Part-1\Abuse\Abuse035_x264.mp4,train,1,Anomaly,UCF-Crime,abuse,binary_anomaly_detection
Abuse036_x264,C:\Users\Jnapikachowdary\Downloads\Anomaly-Videos-Part-1\Anomaly-Videos-Part-1\Abuse\Abuse036_x264.mp4,train,1,Anomaly,UCF-Crime,abuse,binary_anomaly_detection
Abuse037_x264,C:\Users\Jnapikachowdary\Downloads\Anomaly-Videos-Part-1\Anomaly-Videos-Part-1\Abuse\Abuse037_x264.mp4,train,1,Anomaly,UCF-Crime,abuse,binary_anomaly_detection
Abuse038_x264,C:\Users\Jnapikachowdary\Downloads\Anomaly-Videos-Part-1\Anomaly-Videos-Part-1\Abuse\Abuse038_x264.mp4,train,1,Anomaly,UCF-Crime,abuse,binary_anomaly_detection
Abuse039_x264,C:\Users\Jnapikachowdary\Downloads\Anomaly-Videos-Part-1\Anomaly-Videos-Part-1\Abuse\Abuse039_x264.mp4,train,1,Anomaly,UCF-Crime,abuse,binary_anomaly_detection
Abuse040_x264,C:\Users\Jnapikachowdary\Downloads\Anomaly-Videos-Part-1\Anomaly-Videos-Part-1\Abuse\Abuse040_x264.mp4,train,1,Anomaly,UCF-Crime,abuse,binary_anomaly_detection
Abuse041_x264,C:\Users\Jnapikachowdary\Downloads\Anomaly-Videos-Part-1\Anomaly-Videos-Part-1\Abuse\Abuse041_x264.mp4,train,1,Anomaly,UCF-Crime,abuse,binary_anomaly_detection
Abuse042_x264,C:\Users\Jnapikachowdary\Downloads\Anomaly-Videos-Part-1\Anomaly-Videos-Part-1\Abuse\Abuse042_x264.mp4,train,1,Anomaly,UCF-Crime,abuse,binary_anomaly_detection
Abuse043_x264,C:\Users\Jnapikachowdary\Downloads\Anomaly-Videos-Part-1\Anomaly-Videos-Part-1\Abuse\Abuse043_x264.mp4,train,1,Anomaly,UCF-Crime,abuse,binary_anomaly_detection
Abuse044_x264,C:\Users\Jnapikachowdary\Downloads\Anomaly-Videos-Part-1\Anomaly-Videos-Part-1\Abuse\Abuse044_x264.mp4,train,1,Anomaly,UCF-Crime,abuse,binary_anomaly_detection
Abuse045_x264,C:\Users\Jnapikachowdary\Downloads\Anomaly-Videos-Part-1\Anomaly-Videos-Part-1\Abuse\Abuse045_x264.mp4,train,1,Anomaly,UCF-Crime,abuse,binary_anomaly_detection
Abuse046_x264,C:\Users\Jnapikachowdary\Downloads\Anomaly-Videos-Part-1\Anomaly-Videos-Part-1\Abuse\Abuse046_x264.mp4,train,1,Anomaly,UCF-Crime,abuse,binary_anomaly_detection
Abuse047_x264,C:\Users\Jnapikachowdary\Downloads\Anomaly-Videos-Part-1\Anomaly-Videos-Part-1\Abuse\Abuse047_x264.mp4,train,1,Anomaly,UCF-Crime,abuse,binary_anomaly_detection
Abuse048_x264,C:\Users\Jnapikachowdary\Downloads\Anomaly-Videos-Part-1\Anomaly-Videos-Part-1\Abuse\Abuse048_x264.mp4,train,1,Anomaly,UCF-Crime,abuse,binary_anomaly_detection
Abuse049_x264,C:\Users\Jnapikachowdary\Downloads\Anomaly-Videos-Part-1\Anomaly-Videos-Part-1\Abuse\Abuse049_x264.mp4,train,1,Anomaly,UCF-Crime,abuse,binary_anomaly_detection
Abuse050_x264,C:\Users\Jnapikachowdary\Downloads\Anomaly-Videos-Part-1\Anomaly-Videos-Part-1\Abuse\Abuse050_x264.mp4,train,1,Anomaly,UCF-Crime,abuse,binary_anomaly_detection
Arrest002_x264,C:\Users\Jnapikachowdary\Downloads\Anomaly-Videos-Part-1\Anomaly-Videos-Part-1\Arrest\Arrest002_x264.mp4,train,1,Anomaly,UCF-Crime,arrest,binary_anomaly_detection
Arrest003_x264,C:\Users\Jnapikachowdary\Downloads\Anomaly-Videos-Part-1\Anomaly-Videos-Part-1\Arrest\Arrest003_x264.mp4,train,1,Anomaly,UCF-Crime,arrest,binary_anomaly_detection
Arrest004_x264,C:\Users\Jnapikachowdary\Downloads\Anomaly-Videos-Part-1\Anomaly-Videos-Part-1\Arrest\Arrest004_x264.mp4,train,1,Anomaly,UCF-Crime,arrest,binary_anomaly_detection
Arrest005_x264,C:\Users\Jnapikachowdary\Downloads\Anomaly-Videos-Part-1\Anomaly-Videos-Part-1\Arrest\Arrest005_x264.mp4,train,1,Anomaly,UCF-Crime,arrest,binary_anomaly_detection
Arrest006_x264,C:\Users\Jnapikachowdary\Downloads\Anomaly-Videos-Part-1\Anomaly-Videos-Part-1\Arrest\Arrest006_x264.mp4,train,1,Anomaly,UCF-Crime,arrest,binary_anomaly_detection
Arrest008_x264,C:\Users\Jnapikachowdary\Downloads\Anomaly-Videos-Part-1\Anomaly-Videos-Part-1\Arrest\Arrest008_x264.mp4,train,1,Anomaly,UCF-Crime,arrest,binary_anomaly_detection
Arrest009_x264,C:\Users\Jnapikachowdary\Downloads\Anomaly-Videos-Part-1\Anomaly-Videos-Part-1\Arrest\Arrest009_x264.mp4,train,1,Anomaly,UCF-Crime,arrest,binary_anomaly_detection
Arrest010_x264,C:\Users\Jnapikachowdary\Downloads\Anomaly-Videos-Part-1\Anomaly-Videos-Part-1\Arrest\Arrest010_x264.mp4,train,1,Anomaly,UCF-Crime,arrest,binary_anomaly_detection
Arrest011_x264,C:\Users\Jnapikachowdary\Downloads\Anomaly-Videos-Part-1\Anomaly-Videos-Part-1\Arrest\Arrest011_x264.mp4,train,1,Anomaly,UCF-Crime,arrest,binary_anomaly_detection
Arrest012_x264,C:\Users\Jnapikachowdary\Downloads\Anomaly-Videos-Part-1\Anomaly-Videos-Part-1\Arrest\Arrest012_x264.mp4,train,1,Anomaly,UCF-Crime,arrest,binary_anomaly_detection
Arrest013_x264,C:\Users\Jnapikachowdary\Downloads\Anomaly-Videos-Part-1\Anomaly-Videos-Part-1\Arrest\Arrest013_x264.mp4,train,1,Anomaly,UCF-Crime,arrest,binary_anomaly_detection
Arrest014_x264,C:\Users\Jnapikachowdary\Downloads\Anomaly-Videos-Part-1\Anomaly-Videos-Part-1\Arrest\Arrest014_x264.mp4,train,1,Anomaly,UCF-Crime,arrest,binary_anomaly_detection
Arrest015_x264,C:\Users\Jnapikachowdary\Downloads\Anomaly-Videos-Part-1\Anomaly-Videos-Part-1\Arrest\Arrest015_x264.mp4,train,1,Anomaly,UCF-Crime,arrest,binary_anomaly_detection
Arrest016_x264,C:\Users\Jnapikachowdary\Downloads\Anomaly-Videos-Part-1\Anomaly-Videos-Part-1\Arrest\Arrest016_x264.mp4,train,1,Anomaly,UCF-Crime,arrest,binary_anomaly_detection
Arrest017_x264,C:\Users\Jnapikachowdary\Downloads\Anomaly-Videos-Part-1\Anomaly-Videos-Part-1\Arrest\Arrest017_x264.mp4,train,1,Anomaly,UCF-Crime,arrest,binary_anomaly_detection
Arrest018_x264,C:\Users\Jnapikachowdary\Downloads\Anomaly-Videos-Part-1\Anomaly-Videos-Part-1\Arrest\Arrest018_x264.mp4,train,1,Anomaly,UCF-Crime,arrest,binary_anomaly_detection
Arrest019_x264,C:\Users\Jnapikachowdary\Downloads\Anomaly-Videos-Part-1\Anomaly-Videos-Part-1\Arrest\Arrest019_x264.mp4,train,1,Anomaly,UCF-Crime,arrest,binary_anomaly_detection
Arrest020_x264,C:\Users\Jnapikachowdary\Downloads\Anomaly-Videos-Part-1\Anomaly-Videos-Part-1\Arrest\Arrest020_x264.mp4,train,1,Anomaly,UCF-Crime,arrest,binary_anomaly_detection
Arrest021_x264,C:\Users\Jnapikachowdary\Downloads\Anomaly-Videos-Part-1\Anomaly-Videos-Part-1\Arrest\Arrest021_x264.mp4,train,1,Anomaly,UCF-Crime,arrest,binary_anomaly_detection
Arrest022_x264,C:\Users\Jnapikachowdary\Downloads\Anomaly-Videos-Part-1\Anomaly-Videos-Part-1\Arrest\Arrest022_x264.mp4,train,1,Anomaly,UCF-Crime,arrest,binary_anomaly_detection
Arrest023_x264,C:\Users\Jnapikachowdary\Downloads\Anomaly-Videos-Part-1\Anomaly-Videos-Part-1\Arrest\Arrest023_x264.mp4,train,1,Anomaly,UCF-Crime,arrest,binary_anomaly_detection
Arrest025_x264,C:\Users\Jnapikachowdary\Downloads\Anomaly-Videos-Part-1\Anomaly-Videos-Part-1\Arrest\Arrest025_x264.mp4,train,1,Anomaly,UCF-Crime,arrest,binary_anomaly_detection
Arrest026_x264,C:\Users\Jnapikachowdary\Downloads\Anomaly-Videos-Part-1\Anomaly-Videos-Part-1\Arrest\Arrest026_x264.mp4,train,1,Anomaly,UCF-Crime,arrest,binary_anomaly_detection
Arrest027_x264,C:\Users\Jnapikachowdary\Downloads\Anomaly-Videos-Part-1\Anomaly-Videos-Part-1\Arrest\Arrest027_x264.mp4,train,1,Anomaly,UCF-Crime,arrest,binary_anomaly_detection
Arrest028_x264,C:\Users\Jnapikachowdary\Downloads\Anomaly-Videos-Part-1\Anomaly-Videos-Part-1\Arrest\Arrest028_x264.mp4,train,1,Anomaly,UCF-Crime,arrest,binary_anomaly_detection
Arrest029_x264,C:\Users\Jnapikachowdary\Downloads\Anomaly-Videos-Part-1\Anomaly-Videos-Part-1\Arrest\Arrest029_x264.mp4,train,1,Anomaly,UCF-Crime,arrest,binary_anomaly_detection
Arrest031_x264,C:\Users\Jnapikachowdary\Downloads\Anomaly-Videos-Part-1\Anomaly-Videos-Part-1\Arrest\Arrest031_x264.mp4,train,1,Anomaly,UCF-Crime,arrest,binary_anomaly_detection
Arrest032_x264,C:\Users\Jnapikachowdary\Downloads\Anomaly-Videos-Part-1\Anomaly-Videos-Part-1\Arrest\Arrest032_x264.mp4,train,1,Anomaly,UCF-Crime,arrest,binary_anomaly_detection
Arrest033_x264,C:\Users\Jnapikachowdary\Downloads\Anomaly-Videos-Part-1\Anomaly-Videos-Part-1\Arrest\Arrest033_x264.mp4,train,1,Anomaly,UCF-Crime,arrest,binary_anomaly_detection
Arrest034_x264,C:\Users\Jnapikachowdary\Downloads\Anomaly-Videos-Part-1\Anomaly-Videos-Part-1\Arrest\Arrest034_x264.mp4,train,1,Anomaly,UCF-Crime,arrest,binary_anomaly_detection
Arrest035_x264,C:\Users\Jnapikachowdary\Downloads\Anomaly-Videos-Part-1\Anomaly-Videos-Part-1\Arrest\Arrest035_x264.mp4,train,1,Anomaly,UCF-Crime,arrest,binary_anomaly_detection
Arrest036_x264,C:\Users\Jnapikachowdary\Downloads\Anomaly-Videos-Part-1\Anomaly-Videos-Part-1\Arrest\Arrest036_x264.mp4,train,1,Anomaly,UCF-Crime,arrest,binary_anomaly_detection
Arrest037_x264,C:\Users\Jnapikachowdary\Downloads\Anomaly-Videos-Part-1\Anomaly-Videos-Part-1\Arrest\Arrest037_x264.mp4,train,1,Anomaly,UCF-Crime,arrest,binary_anomaly_detection
Arrest038_x264,C:\Users\Jnapikachowdary\Downloads\Anomaly-Videos-Part-1\Anomaly-Videos-Part-1\Arrest\Arrest038_x264.mp4,train,1,Anomaly,UCF-Crime,arrest,binary_anomaly_detection
Arrest040_x264,C:\Users\Jnapikachowdary\Downloads\Anomaly-Videos-Part-1\Anomaly-Videos-Part-1\Arrest\Arrest040_x264.mp4,train,1,Anomaly,UCF-Crime,arrest,binary_anomaly_detection
Arrest041_x264,C:\Users\Jnapikachowdary\Downloads\Anomaly-Videos-Part-1\Anomaly-Videos-Part-1\Arrest\Arrest041_x264.mp4,train,1,Anomaly,UCF-Crime,arrest,binary_anomaly_detection
Arrest042_x264,C:\Users\Jnapikachowdary\Downloads\Anomaly-Videos-Part-1\Anomaly-Videos-Part-1\Arrest\Arrest042_x264.mp4,train,1,Anomaly,UCF-Crime,arrest,binary_anomaly_detection
Arrest043_x264,C:\Users\Jnapikachowdary\Downloads\Anomaly-Videos-Part-1\Anomaly-Videos-Part-1\Arrest\Arrest043_x264.mp4,train,1,Anomaly,UCF-Crime,arrest,binary_anomaly_detection
Arrest044_x264,C:\Users\Jnapikachowdary\Downloads\Anomaly-Videos-Part-1\Anomaly-Videos-Part-1\Arrest\Arrest044_x264.mp4,train,1,Anomaly,UCF-Crime,arrest,binary_anomaly_detection
Arrest046_x264,C:\Users\Jnapikachowdary\Downloads\Anomaly-Videos-Part-1\Anomaly-Videos-Part-1\Arrest\Arrest046_x264.mp4,train,1,Anomaly,UCF-Crime,arrest,binary_anomaly_detection
Arrest047_x264,C:\Users\Jnapikachowdary\Downloads\Anomaly-Videos-Part-1\Anomaly-Videos-Part-1\Arrest\Arrest047_x264.mp4,train,1,Anomaly,UCF-Crime,arrest,binary_anomaly_detection
Arrest048_x264,C:\Users\Jnapikachowdary\Downloads\Anomaly-Videos-Part-1\Anomaly-Videos-Part-1\Arrest\Arrest048_x264.mp4,train,1,Anomaly,UCF-Crime,arrest,binary_anomaly_detection
Arrest049_x264,C:\Users\Jnapikachowdary\Downloads\Anomaly-Videos-Part-1\Anomaly-Videos-Part-1\Arrest\Arrest049_x264.mp4,train,1,Anomaly,UCF-Crime,arrest,binary_anomaly_detection
Arrest050_x264,C:\Users\Jnapikachowdary\Downloads\Anomaly-Videos-Part-1\Anomaly-Videos-Part-1\Arrest\Arrest050_x264.mp4,train,1,Anomaly,UCF-Crime,arrest,binary_anomaly_detection
Arrest051_x264,C:\Users\Jnapikachowdary\Downloads\Anomaly-Videos-Part-1\Anomaly-Videos-Part-1\Arrest\Arrest051_x264.mp4,train,1,Anomaly,UCF-Crime,arrest,binary_anomaly_detection
Arson001_x264,C:\Users\Jnapikachowdary\Downloads\Anomaly-Videos-Part-1\Anomaly-Videos-Part-1\Arson\Arson001_x264.mp4,train,1,Anomaly,UCF-Crime,arson,binary_anomaly_detection
Arson002_x264,C:\Users\Jnapikachowdary\Downloads\Anomaly-Videos-Part-1\Anomaly-Videos-Part-1\Arson\Arson002_x264.mp4,train,1,Anomaly,UCF-Crime,arson,binary_anomaly_detection
Arson003_x264,C:\Users\Jnapikachowdary\Downloads\Anomaly-Videos-Part-1\Anomaly-Videos-Part-1\Arson\Arson003_x264.mp4,train,1,Anomaly,UCF-Crime,arson,binary_anomaly_detection
Arson005_x264,C:\Users\Jnapikachowdary\Downloads\Anomaly-Videos-Part-1\Anomaly-Videos-Part-1\Arson\Arson005_x264.mp4,train,1,Anomaly,UCF-Crime,arson,binary_anomaly_detection
Arson006_x264,C:\Users\Jnapikachowdary\Downloads\Anomaly-Videos-Part-1\Anomaly-Videos-Part-1\Arson\Arson006_x264.mp4,train,1,Anomaly,UCF-Crime,arson,binary_anomaly_detection
Arson008_x264,C:\Users\Jnapikachowdary\Downloads\Anomaly-Videos-Part-1\Anomaly-Videos-Part-1\Arson\Arson008_x264.mp4,train,1,Anomaly,UCF-Crime,arson,binary_anomaly_detection
Arson012_x264,C:\Users\Jnapikachowdary\Downloads\Anomaly-Videos-Part-1\Anomaly-Videos-Part-1\Arson\Arson012_x264.mp4,train,1,Anomaly,UCF-Crime,arson,binary_anomaly_detection
Arson013_x264,C:\Users\Jnapikachowdary\Downloads\Anomaly-Videos-Part-1\Anomaly-Videos-Part-1\Arson\Arson013_x264.mp4,train,1,Anomaly,UCF-Crime,arson,binary_anomaly_detection
Arson014_x264,C:\Users\Jnapikachowdary\Downloads\Anomaly-Videos-Part-1\Anomaly-Videos-Part-1\Arson\Arson014_x264.mp4,train,1,Anomaly,UCF-Crime,arson,binary_anomaly_detection
Arson015_x264,C:\Users\Jnapikachowdary\Downloads\Anomaly-Videos-Part-1\Anomaly-Videos-Part-1\Arson\Arson015_x264.mp4,train,1,Anomaly,UCF-Crime,arson,binary_anomaly_detection
Arson017_x264,C:\Users\Jnapikachowdary\Downloads\Anomaly-Videos-Part-1\Anomaly-Videos-Part-1\Arson\Arson017_x264.mp4,train,1,Anomaly,UCF-Crime,arson,binary_anomaly_detection
Arson019_x264,C:\Users\Jnapikachowdary\Downloads\Anomaly-Videos-Part-1\Anomaly-Videos-Part-1\Arson\Arson019_x264.mp4,train,1,Anomaly,UCF-Crime,arson,binary_anomaly_detection
Arson020_x264,C:\Users\Jnapikachowdary\Downloads\Anomaly-Videos-Part-1\Anomaly-Videos-Part-1\Arson\Arson020_x264.mp4,train,1,Anomaly,UCF-Crime,arson,binary_anomaly_detection
Arson021_x264,C:\Users\Jnapikachowdary\Downloads\Anomaly-Videos-Part-1\Anomaly-Videos-Part-1\Arson\Arson021_x264.mp4,train,1,Anomaly,UCF-Crime,arson,binary_anomaly_detection
Arson023_x264,C:\Users\Jnapikachowdary\Downloads\Anomaly-Videos-Part-1\Anomaly-Videos-Part-1\Arson\Arson023_x264.mp4,train,1,Anomaly,UCF-Crime,arson,binary_anomaly_detection
Arson024_x264,C:\Users\Jnapikachowdary\Downloads\Anomaly-Videos-Part-1\Anomaly-Videos-Part-1\Arson\Arson024_x264.mp4,train,1,Anomaly,UCF-Crime,arson,binary_anomaly_detection
Arson025_x264,C:\Users\Jnapikachowdary\Downloads\Anomaly-Videos-Part-1\Anomaly-Videos-Part-1\Arson\Arson025_x264.mp4,train,1,Anomaly,UCF-Crime,arson,binary_anomaly_detection
Arson026_x264,C:\Users\Jnapikachowdary\Downloads\Anomaly-Videos-Part-1\Anomaly-Videos-Part-1\Arson\Arson026_x264.mp4,train,1,Anomaly,UCF-Crime,arson,binary_anomaly_detection
Arson027_x264,C:\Users\Jnapikachowdary\Downloads\Anomaly-Videos-Part-1\Anomaly-Videos-Part-1\Arson\Arson027_x264.mp4,train,1,Anomaly,UCF-Crime,arson,binary_anomaly_detection
Arson028_x264,C:\Users\Jnapikachowdary\Downloads\Anomaly-Videos-Part-1\Anomaly-Videos-Part-1\Arson\Arson028_x264.mp4,train,1,Anomaly,UCF-Crime,arson,binary_anomaly_detection
Arson029_x264,C:\Users\Jnapikachowdary\Downloads\Anomaly-Videos-Part-1\Anomaly-Videos-Part-1\Arson\Arson029_x264.mp4,train,1,Anomaly,UCF-Crime,arson,binary_anomaly_detection
Arson030_x264,C:\Users\Jnapikachowdary\Downloads\Anomaly-Videos-Part-1\Anomaly-Videos-Part-1\Arson\Arson030_x264.mp4,train,1,Anomaly,UCF-Crime,arson,binary_anomaly_detection
Arson031_x264,C:\Users\Jnapikachowdary\Downloads\Anomaly-Videos-Part-1\Anomaly-Videos-Part-1\Arson\Arson031_x264.mp4,train,1,Anomaly,UCF-Crime,arson,binary_anomaly_detection
Arson032_x264,C:\Users\Jnapikachowdary\Downloads\Anomaly-Videos-Part-1\Anomaly-Videos-Part-1\Arson\Arson032_x264.mp4,train,1,Anomaly,UCF-Crime,arson,binary_anomaly_detection
Arson034_x264,C:\Users\Jnapikachowdary\Downloads\Anomaly-Videos-Part-1\Anomaly-Videos-Part-1\Arson\Arson034_x264.mp4,train,1,Anomaly,UCF-Crime,arson,binary_anomaly_detection
Arson036_x264,C:\Users\Jnapikachowdary\Downloads\Anomaly-Videos-Part-1\Anomaly-Videos-Part-1\Arson\Arson036_x264.mp4,train,1,Anomaly,UCF-Crime,arson,binary_anomaly_detection
Arson037_x264,C:\Users\Jnapikachowdary\Downloads\Anomaly-Videos-Part-1\Anomaly-Videos-Part-1\Arson\Arson037_x264.mp4,train,1,Anomaly,UCF-Crime,arson,binary_anomaly_detection
Arson038_x264,C:\Users\Jnapikachowdary\Downloads\Anomaly-Videos-Part-1\Anomaly-Videos-Part-1\Arson\Arson038_x264.mp4,train,1,Anomaly,UCF-Crime,arson,binary_anomaly_detection
Arson039_x264,C:\Users\Jnapikachowdary\Downloads\Anomaly-Videos-Part-1\Anomaly-Videos-Part-1\Arson\Arson039_x264.mp4,train,1,Anomaly,UCF-Crime,arson,binary_anomaly_detection
Arson040_x264,C:\Users\Jnapikachowdary\Downloads\Anomaly-Videos-Part-1\Anomaly-Videos-Part-1\Arson\Arson040_x264.mp4,train,1,Anomaly,UCF-Crime,arson,binary_anomaly_detection
Arson042_x264,C:\Users\Jnapikachowdary\Downloads\Anomaly-Videos-Part-1\Anomaly-Videos-Part-1\Arson\Arson042_x264.mp4,train,1,Anomaly,UCF-Crime,arson,binary_anomaly_detection
Arson044_x264,C:\Users\Jnapikachowdary\Downloads\Anomaly-Videos-Part-1\Anomaly-Videos-Part-1\Arson\Arson044_x264.mp4,train,1,Anomaly,UCF-Crime,arson,binary_anomaly_detection
Arson045_x264,C:\Users\Jnapikachowdary\Downloads\Anomaly-Videos-Part-1\Anomaly-Videos-Part-1\Arson\Arson045_x264.mp4,train,1,Anomaly,UCF-Crime,arson,binary_anomaly_detection
Arson046_x264,C:\Users\Jnapikachowdary\Downloads\Anomaly-Videos-Part-1\Anomaly-Videos-Part-1\Arson\Arson046_x264.mp4,train,1,Anomaly,UCF-Crime,arson,binary_anomaly_detection
Arson047_x264,C:\Users\Jnapikachowdary\Downloads\Anomaly-Videos-Part-1\Anomaly-Videos-Part-1\Arson\Arson047_x264.mp4,train,1,Anomaly,UCF-Crime,arson,binary_anomaly_detection
Arson048_x264,C:\Users\Jnapikachowdary\Downloads\Anomaly-Videos-Part-1\Anomaly-Videos-Part-1\Arson\Arson048_x264.mp4,train,1,Anomaly,UCF-Crime,arson,binary_anomaly_detection
Arson049_x264,C:\Users\Jnapikachowdary\Downloads\Anomaly-Videos-Part-1\Anomaly-Videos-Part-1\Arson\Arson049_x264.mp4,train,1,Anomaly,UCF-Crime,arson,binary_anomaly_detection
Arson050_x264,C:\Users\Jnapikachowdary\Downloads\Anomaly-Videos-Part-1\Anomaly-Videos-Part-1\Arson\Arson050_x264.mp4,train,1,Anomaly,UCF-Crime,arson,binary_anomaly_detection
Arson051_x264,C:\Users\Jnapikachowdary\Downloads\Anomaly-Videos-Part-1\Anomaly-Videos-Part-1\Arson\Arson051_x264.mp4,train,1,Anomaly,UCF-Crime,arson,binary_anomaly_detection
Arson052_x264,C:\Users\Jnapikachowdary\Downloads\Anomaly-Videos-Part-1\Anomaly-Videos-Part-1\Arson\Arson052_x264.mp4,train,1,Anomaly,UCF-Crime,arson,binary_anomaly_detection
Arson053_x264,C:\Users\Jnapikachowdary\Downloads\Anomaly-Videos-Part-1\Anomaly-Videos-Part-1\Arson\Arson053_x264.mp4,train,1,Anomaly,UCF-Crime,arson,binary_anomaly_detection
Assault001_x264,C:\Users\Jnapikachowdary\Downloads\Anomaly-Videos-Part-1\Anomaly-Videos-Part-1\Assault\Assault001_x264.mp4,train,1,Anomaly,UCF-Crime,assault,binary_anomaly_detection
Assault002_x264,C:\Users\Jnapikachowdary\Downloads\Anomaly-Videos-Part-1\Anomaly-Videos-Part-1\Assault\Assault002_x264.mp4,train,1,Anomaly,UCF-Crime,assault,binary_anomaly_detection
Assault003_x264,C:\Users\Jnapikachowdary\Downloads\Anomaly-Videos-Part-1\Anomaly-Videos-Part-1\Assault\Assault003_x264.mp4,train,1,Anomaly,UCF-Crime,assault,binary_anomaly_detection
Assault004_x264,C:\Users\Jnapikachowdary\Downloads\Anomaly-Videos-Part-1\Anomaly-Videos-Part-1\Assault\Assault004_x264.mp4,train,1,Anomaly,UCF-Crime,assault,binary_anomaly_detection
Assault005_x264,C:\Users\Jnapikachowdary\Downloads\Anomaly-Videos-Part-1\Anomaly-Videos-Part-1\Assault\Assault005_x264.mp4,train,1,Anomaly,UCF-Crime,assault,binary_anomaly_detection
Assault007_x264,C:\Users\Jnapikachowdary\Downloads\Anomaly-Videos-Part-1\Anomaly-Videos-Part-1\Assault\Assault007_x264.mp4,train,1,Anomaly,UCF-Crime,assault,binary_anomaly_detection
Assault008_x264,C:\Users\Jnapikachowdary\Downloads\Anomaly-Videos-Part-1\Anomaly-Videos-Part-1\Assault\Assault008_x264.mp4,train,1,Anomaly,UCF-Crime,assault,binary_anomaly_detection
Assault009_x264,C:\Users\Jnapikachowdary\Downloads\Anomaly-Videos-Part-1\Anomaly-Videos-Part-1\Assault\Assault009_x264.mp4,train,1,Anomaly,UCF-Crime,assault,binary_anomaly_detection
Assault012_x264,C:\Users\Jnapikachowdary\Downloads\Anomaly-Videos-Part-1\Anomaly-Videos-Part-1\Assault\Assault012_x264.mp4,train,1,Anomaly,UCF-Crime,assault,binary_anomaly_detection
Assault013_x264,C:\Users\Jnapikachowdary\Downloads\Anomaly-Videos-Part-1\Anomaly-Videos-Part-1\Assault\Assault013_x264.mp4,train,1,Anomaly,UCF-Crime,assault,binary_anomaly_detection
Assault014_x264,C:\Users\Jnapikachowdary\Downloads\Anomaly-Videos-Part-1\Anomaly-Videos-Part-1\Assault\Assault014_x264.mp4,train,1,Anomaly,UCF-Crime,assault,binary_anomaly_detection
Assault015_x264,C:\Users\Jnapikachowdary\Downloads\Anomaly-Videos-Part-1\Anomaly-Videos-Part-1\Assault\Assault015_x264.mp4,train,1,Anomaly,UCF-Crime,assault,binary_anomaly_detection
Assault016_x264,C:\Users\Jnapikachowdary\Downloads\Anomaly-Videos-Part-1\Anomaly-Videos-Part-1\Assault\Assault016_x264.mp4,train,1,Anomaly,UCF-Crime,assault,binary_anomaly_detection
Assault017_x264,C:\Users\Jnapikachowdary\Downloads\Anomaly-Videos-Part-1\Anomaly-Videos-Part-1\Assault\Assault017_x264.mp4,train,1,Anomaly,UCF-Crime,assault,binary_anomaly_detection
Assault018_x264,C:\Users\Jnapikachowdary\Downloads\Anomaly-Videos-Part-1\Anomaly-Videos-Part-1\Assault\Assault018_x264.mp4,train,1,Anomaly,UCF-Crime,assault,binary_anomaly_detection
Assault019_x264,C:\Users\Jnapikachowdary\Downloads\Anomaly-Videos-Part-1\Anomaly-Videos-Part-1\Assault\Assault019_x264.mp4,train,1,Anomaly,UCF-Crime,assault,binary_anomaly_detection
Assault020_x264,C:\Users\Jnapikachowdary\Downloads\Anomaly-Videos-Part-1\Anomaly-Videos-Part-1\Assault\Assault020_x264.mp4,train,1,Anomaly,UCF-Crime,assault,binary_anomaly_detection
Assault022_x264,C:\Users\Jnapikachowdary\Downloads\Anomaly-Videos-Part-1\Anomaly-Videos-Part-1\Assault\Assault022_x264.mp4,train,1,Anomaly,UCF-Crime,assault,binary_anomaly_detection
Assault023_x264,C:\Users\Jnapikachowdary\Downloads\Anomaly-Videos-Part-1\Anomaly-Videos-Part-1\Assault\Assault023_x264.mp4,train,1,Anomaly,UCF-Crime,assault,binary_anomaly_detection
Assault024_x264,C:\Users\Jnapikachowdary\Downloads\Anomaly-Videos-Part-1\Anomaly-Videos-Part-1\Assault\Assault024_x264.mp4,train,1,Anomaly,UCF-Crime,assault,binary_anomaly_detection
Assault025_x264,C:\Users\Jnapikachowdary\Downloads\Anomaly-Videos-Part-1\Anomaly-Videos-Part-1\Assault\Assault025_x264.mp4,train,1,Anomaly,UCF-Crime,assault,binary_anomaly_detection
Assault026_x264,C:\Users\Jnapikachowdary\Downloads\Anomaly-Videos-Part-1\Anomaly-Videos-Part-1\Assault\Assault026_x264.mp4,train,1,Anomaly,UCF-Crime,assault,binary_anomaly_detection
Assault027_x264,C:\Users\Jnapikachowdary\Downloads\Anomaly-Videos-Part-1\Anomaly-Videos-Part-1\Assault\Assault027_x264.mp4,train,1,Anomaly,UCF-Crime,assault,binary_anomaly_detection
Assault028_x264,C:\Users\Jnapikachowdary\Downloads\Anomaly-Videos-Part-1\Anomaly-Videos-Part-1\Assault\Assault028_x264.mp4,train,1,Anomaly,UCF-Crime,assault,binary_anomaly_detection
Assault029_x264,C:\Users\Jnapikachowdary\Downloads\Anomaly-Videos-Part-1\Anomaly-Videos-Part-1\Assault\Assault029_x264.mp4,train,1,Anomaly,UCF-Crime,assault,binary_anomaly_detection
Assault030_x264,C:\Users\Jnapikachowdary\Downloads\Anomaly-Videos-Part-1\Anomaly-Videos-Part-1\Assault\Assault030_x264.mp4,train,1,Anomaly,UCF-Crime,assault,binary_anomaly_detection
Assault031_x264,C:\Users\Jnapikachowdary\Downloads\Anomaly-Videos-Part-1\Anomaly-Videos-Part-1\Assault\Assault031_x264.mp4,train,1,Anomaly,UCF-Crime,assault,binary_anomaly_detection
Assault032_x264,C:\Users\Jnapikachowdary\Downloads\Anomaly-Videos-Part-1\Anomaly-Videos-Part-1\Assault\Assault032_x264.mp4,train,1,Anomaly,UCF-Crime,assault,binary_anomaly_detection
Assault033_x264,C:\Users\Jnapikachowdary\Downloads\Anomaly-Videos-Part-1\Anomaly-Videos-Part-1\Assault\Assault033_x264.mp4,train,1,Anomaly,UCF-Crime,assault,binary_anomaly_detection
Assault034_x264,C:\Users\Jnapikachowdary\Downloads\Anomaly-Videos-Part-1\Anomaly-Videos-Part-1\Assault\Assault034_x264.mp4,train,1,Anomaly,UCF-Crime,assault,binary_anomaly_detection
Assault035_x264,C:\Users\Jnapikachowdary\Downloads\Anomaly-Videos-Part-1\Anomaly-Videos-Part-1\Assault\Assault035_x264.mp4,train,1,Anomaly,UCF-Crime,assault,binary_anomaly_detection
Assault036_x264,C:\Users\Jnapikachowdary\Downloads\Anomaly-Videos-Part-1\Anomaly-Videos-Part-1\Assault\Assault036_x264.mp4,train,1,Anomaly,UCF-Crime,assault,binary_anomaly_detection
Assault037_x264,C:\Users\Jnapikachowdary\Downloads\Anomaly-Videos-Part-1\Anomaly-Videos-Part-1\Assault\Assault037_x264.mp4,train,1,Anomaly,UCF-Crime,assault,binary_anomaly_detection
Assault038_x264,C:\Users\Jnapikachowdary\Downloads\Anomaly-Videos-Part-1\Anomaly-Videos-Part-1\Assault\Assault038_x264.mp4,train,1,Anomaly,UCF-Crime,assault,binary_anomaly_detection
Assault039_x264,C:\Users\Jnapikachowdary\Downloads\Anomaly-Videos-Part-1\Anomaly-Videos-Part-1\Assault\Assault039_x264.mp4,train,1,Anomaly,UCF-Crime,assault,binary_anomaly_detection
Assault040_x264,C:\Users\Jnapikachowdary\Downloads\Anomaly-Videos-Part-1\Anomaly-Videos-Part-1\Assault\Assault040_x264.mp4,train,1,Anomaly,UCF-Crime,assault,binary_anomaly_detection
Assault041_x264,C:\Users\Jnapikachowdary\Downloads\Anomaly-Videos-Part-1\Anomaly-Videos-Part-1\Assault\Assault041_x264.mp4,train,1,Anomaly,UCF-Crime,assault,binary_anomaly_detection
Assault042_x264,C:\Users\Jnapikachowdary\Downloads\Anomaly-Videos-Part-1\Anomaly-Videos-Part-1\Assault\Assault042_x264.mp4,train,1,Anomaly,UCF-Crime,assault,binary_anomaly_detection
Assault044_x264,C:\Users\Jnapikachowdary\Downloads\Anomaly-Videos-Part-1\Anomaly-Videos-Part-1\Assault\Assault044_x264.mp4,train,1,Anomaly,UCF-Crime,assault,binary_anomaly_detection
Assault045_x264,C:\Users\Jnapikachowdary\Downloads\Anomaly-Videos-Part-1\Anomaly-Videos-Part-1\Assault\Assault045_x264.mp4,train,1,Anomaly,UCF-Crime,assault,binary_anomaly_detection
Assault046_x264,C:\Users\Jnapikachowdary\Downloads\Anomaly-Videos-Part-1\Anomaly-Videos-Part-1\Assault\Assault046_x264.mp4,train,1,Anomaly,UCF-Crime,assault,binary_anomaly_detection
Assault047_x264,C:\Users\Jnapikachowdary\Downloads\Anomaly-Videos-Part-1\Anomaly-Videos-Part-1\Assault\Assault047_x264.mp4,train,1,Anomaly,UCF-Crime,assault,binary_anomaly_detection
Assault048_x264,C:\Users\Jnapikachowdary\Downloads\Anomaly-Videos-Part-1\Anomaly-Videos-Part-1\Assault\Assault048_x264.mp4,train,1,Anomaly,UCF-Crime,assault,binary_anomaly_detection
Assault049_x264,C:\Users\Jnapikachowdary\Downloads\Anomaly-Videos-Part-1\Anomaly-Videos-Part-1\Assault\Assault049_x264.mp4,train,1,Anomaly,UCF-Crime,assault,binary_anomaly_detection
Assault050_x264,C:\Users\Jnapikachowdary\Downloads\Anomaly-Videos-Part-1\Anomaly-Videos-Part-1\Assault\Assault050_x264.mp4,train,1,Anomaly,UCF-Crime,assault,binary_anomaly_detection
Assault051_x264,C:\Users\Jnapikachowdary\Downloads\Anomaly-Videos-Part-1\Anomaly-Videos-Part-1\Assault\Assault051_x264.mp4,train,1,Anomaly,UCF-Crime,assault,binary_anomaly_detection
Assault052_x264,C:\Users\Jnapikachowdary\Downloads\Anomaly-Videos-Part-1\Anomaly-Videos-Part-1\Assault\Assault052_x264.mp4,train,1,Anomaly,UCF-Crime,assault,binary_anomaly_detection
Burglary001_x264,C:\Users\Jnapikachowdary\Downloads\Anomaly-Videos-Part-2\Anomaly-Videos-Part-2\Burglary\Burglary001_x264.mp4,train,1,Anomaly,UCF-Crime,burglary,binary_anomaly_detection
Burglary002_x264,C:\Users\Jnapikachowdary\Downloads\Anomaly-Videos-Part-2\Anomaly-Videos-Part-2\Burglary\Burglary002_x264.mp4,train,1,Anomaly,UCF-Crime,burglary,binary_anomaly_detection
Burglary003_x264,C:\Users\Jnapikachowdary\Downloads\Anomaly-Videos-Part-2\Anomaly-Videos-Part-2\Burglary\Burglary003_x264.mp4,train,1,Anomaly,UCF-Crime,burglary,binary_anomaly_detection
Burglary004_x264,C:\Users\Jnapikachowdary\Downloads\Anomaly-Videos-Part-2\Anomaly-Videos-Part-2\Burglary\Burglary004_x264.mp4,train,1,Anomaly,UCF-Crime,burglary,binary_anomaly_detection
Burglary006_x264,C:\Users\Jnapikachowdary\Downloads\Anomaly-Videos-Part-2\Anomaly-Videos-Part-2\Burglary\Burglary006_x264.mp4,train,1,Anomaly,UCF-Crime,burglary,binary_anomaly_detection
Burglary007_x264,C:\Users\Jnapikachowdary\Downloads\Anomaly-Videos-Part-2\Anomaly-Videos-Part-2\Burglary\Burglary007_x264.mp4,train,1,Anomaly,UCF-Crime,burglary,binary_anomaly_detection
Burglary008_x264,C:\Users\Jnapikachowdary\Downloads\Anomaly-Videos-Part-2\Anomaly-Videos-Part-2\Burglary\Burglary008_x264.mp4,train,1,Anomaly,UCF-Crime,burglary,binary_anomaly_detection
Burglary009_x264,C:\Users\Jnapikachowdary\Downloads\Anomaly-Videos-Part-2\Anomaly-Videos-Part-2\Burglary\Burglary009_x264.mp4,train,1,Anomaly,UCF-Crime,burglary,binary_anomaly_detection
Burglary010_x264,C:\Users\Jnapikachowdary\Downloads\Anomaly-Videos-Part-2\Anomaly-Videos-Part-2\Burglary\Burglary010_x264.mp4,train,1,Anomaly,UCF-Crime,burglary,binary_anomaly_detection
Burglary011_x264,C:\Users\Jnapikachowdary\Downloads\Anomaly-Videos-Part-2\Anomaly-Videos-Part-2\Burglary\Burglary011_x264.mp4,train,1,Anomaly,UCF-Crime,burglary,binary_anomaly_detection
Burglary012_x264,C:\Users\Jnapikachowdary\Downloads\Anomaly-Videos-Part-2\Anomaly-Videos-Part-2\Burglary\Burglary012_x264.mp4,train,1,Anomaly,UCF-Crime,burglary,binary_anomaly_detection
Burglary013_x264,C:\Users\Jnapikachowdary\Downloads\Anomaly-Videos-Part-2\Anomaly-Videos-Part-2\Burglary\Burglary013_x264.mp4,train,1,Anomaly,UCF-Crime,burglary,binary_anomaly_detection
Burglary014_x264,C:\Users\Jnapikachowdary\Downloads\Anomaly-Videos-Part-2\Anomaly-Videos-Part-2\Burglary\Burglary014_x264.mp4,train,1,Anomaly,UCF-Crime,burglary,binary_anomaly_detection
Burglary015_x264,C:\Users\Jnapikachowdary\Downloads\Anomaly-Videos-Part-2\Anomaly-Videos-Part-2\Burglary\Burglary015_x264.mp4,train,1,Anomaly,UCF-Crime,burglary,binary_anomaly_detection
Burglary016_x264,C:\Users\Jnapikachowdary\Downloads\Anomaly-Videos-Part-2\Anomaly-Videos-Part-2\Burglary\Burglary016_x264.mp4,train,1,Anomaly,UCF-Crime,burglary,binary_anomaly_detection
Burglary019_x264,C:\Users\Jnapikachowdary\Downloads\Anomaly-Videos-Part-2\Anomaly-Videos-Part-2\Burglary\Burglary019_x264.mp4,train,1,Anomaly,UCF-Crime,burglary,binary_anomaly_detection
Burglary020_x264,C:\Users\Jnapikachowdary\Downloads\Anomaly-Videos-Part-2\Anomaly-Videos-Part-2\Burglary\Burglary020_x264.mp4,train,1,Anomaly,UCF-Crime,burglary,binary_anomaly_detection
Burglary022_x264,C:\Users\Jnapikachowdary\Downloads\Anomaly-Videos-Part-2\Anomaly-Videos-Part-2\Burglary\Burglary022_x264.mp4,train,1,Anomaly,UCF-Crime,burglary,binary_anomaly_detection
Burglary023_x264,C:\Users\Jnapikachowdary\Downloads\Anomaly-Videos-Part-2\Anomaly-Videos-Part-2\Burglary\Burglary023_x264.mp4,train,1,Anomaly,UCF-Crime,burglary,binary_anomaly_detection
Burglary025_x264,C:\Users\Jnapikachowdary\Downloads\Anomaly-Videos-Part-2\Anomaly-Videos-Part-2\Burglary\Burglary025_x264.mp4,train,1,Anomaly,UCF-Crime,burglary,binary_anomaly_detection
Burglary026_x264,C:\Users\Jnapikachowdary\Downloads\Anomaly-Videos-Part-2\Anomaly-Videos-Part-2\Burglary\Burglary026_x264.mp4,train,1,Anomaly,UCF-Crime,burglary,binary_anomaly_detection
Burglary027_x264,C:\Users\Jnapikachowdary\Downloads\Anomaly-Videos-Part-2\Anomaly-Videos-Part-2\Burglary\Burglary027_x264.mp4,train,1,Anomaly,UCF-Crime,burglary,binary_anomaly_detection
Burglary028_x264,C:\Users\Jnapikachowdary\Downloads\Anomaly-Videos-Part-2\Anomaly-Videos-Part-2\Burglary\Burglary028_x264.mp4,train,1,Anomaly,UCF-Crime,burglary,binary_anomaly_detection
Burglary029_x264,C:\Users\Jnapikachowdary\Downloads\Anomaly-Videos-Part-2\Anomaly-Videos-Part-2\Burglary\Burglary029_x264.mp4,train,1,Anomaly,UCF-Crime,burglary,binary_anomaly_detection
Burglary030_x264,C:\Users\Jnapikachowdary\Downloads\Anomaly-Videos-Part-2\Anomaly-Videos-Part-2\Burglary\Burglary030_x264.mp4,train,1,Anomaly,UCF-Crime,burglary,binary_anomaly_detection
Burglary031_x264,C:\Users\Jnapikachowdary\Downloads\Anomaly-Videos-Part-2\Anomaly-Videos-Part-2\Burglary\Burglary031_x264.mp4,train,1,Anomaly,UCF-Crime,burglary,binary_anomaly_detection
Burglary034_x264,C:\Users\Jnapikachowdary\Downloads\Anomaly-Videos-Part-2\Anomaly-Videos-Part-2\Burglary\Burglary034_x264.mp4,train,1,Anomaly,UCF-Crime,burglary,binary_anomaly_detection
Burglary036_x264,C:\Users\Jnapikachowdary\Downloads\Anomaly-Videos-Part-2\Anomaly-Videos-Part-2\Burglary\Burglary036_x264.mp4,train,1,Anomaly,UCF-Crime,burglary,binary_anomaly_detection
Burglary038_x264,C:\Users\Jnapikachowdary\Downloads\Anomaly-Videos-Part-2\Anomaly-Videos-Part-2\Burglary\Burglary038_x264.mp4,train,1,Anomaly,UCF-Crime,burglary,binary_anomaly_detection
Burglary039_x264,C:\Users\Jnapikachowdary\Downloads\Anomaly-Videos-Part-2\Anomaly-Videos-Part-2\Burglary\Burglary039_x264.mp4,train,1,Anomaly,UCF-Crime,burglary,binary_anomaly_detection
Burglary040_x264,C:\Users\Jnapikachowdary\Downloads\Anomaly-Videos-Part-2\Anomaly-Videos-Part-2\Burglary\Burglary040_x264.mp4,train,1,Anomaly,UCF-Crime,burglary,binary_anomaly_detection
Burglary041_x264,C:\Users\Jnapikachowdary\Downloads\Anomaly-Videos-Part-2\Anomaly-Videos-Part-2\Burglary\Burglary041_x264.mp4,train,1,Anomaly,UCF-Crime,burglary,binary_anomaly_detection
Burglary042_x264,C:\Users\Jnapikachowdary\Downloads\Anomaly-Videos-Part-2\Anomaly-Videos-Part-2\Burglary\Burglary042_x264.mp4,train,1,Anomaly,UCF-Crime,burglary,binary_anomaly_detection
Burglary043_x264,C:\Users\Jnapikachowdary\Downloads\Anomaly-Videos-Part-2\Anomaly-Videos-Part-2\Burglary\Burglary043_x264.mp4,train,1,Anomaly,UCF-Crime,burglary,binary_anomaly_detection
Burglary044_x264,C:\Users\Jnapikachowdary\Downloads\Anomaly-Videos-Part-2\Anomaly-Videos-Part-2\Burglary\Burglary044_x264.mp4,train,1,Anomaly,UCF-Crime,burglary,binary_anomaly_detection
Burglary045_x264,C:\Users\Jnapikachowdary\Downloads\Anomaly-Videos-Part-2\Anomaly-Videos-Part-2\Burglary\Burglary045_x264.mp4,train,1,Anomaly,UCF-Crime,burglary,binary_anomaly_detection
Burglary046_x264,C:\Users\Jnapikachowdary\Downloads\Anomaly-Videos-Part-2\Anomaly-Videos-Part-2\Burglary\Burglary046_x264.mp4,train,1,Anomaly,UCF-Crime,burglary,binary_anomaly_detection
Burglary047_x264,C:\Users\Jnapikachowdary\Downloads\Anomaly-Videos-Part-2\Anomaly-Videos-Part-2\Burglary\Burglary047_x264.mp4,train,1,Anomaly,UCF-Crime,burglary,binary_anomaly_detection
Burglary048_x264,C:\Users\Jnapikachowdary\Downloads\Anomaly-Videos-Part-2\Anomaly-Videos-Part-2\Burglary\Burglary048_x264.mp4,train,1,Anomaly,UCF-Crime,burglary,binary_anomaly_detection
Burglary049_x264,C:\Users\Jnapikachowdary\Downloads\Anomaly-Videos-Part-2\Anomaly-Videos-Part-2\Burglary\Burglary049_x264.mp4,train,1,Anomaly,UCF-Crime,burglary,binary_anomaly_detection
Burglary050_x264,C:\Users\Jnapikachowdary\Downloads\Anomaly-Videos-Part-2\Anomaly-Videos-Part-2\Burglary\Burglary050_x264.mp4,train,1,Anomaly,UCF-Crime,burglary,binary_anomaly_detection
Burglary051_x264,C:\Users\Jnapikachowdary\Downloads\Anomaly-Videos-Part-2\Anomaly-Videos-Part-2\Burglary\Burglary051_x264.mp4,train,1,Anomaly,UCF-Crime,burglary,binary_anomaly_detection
Burglary052_x264,C:\Users\Jnapikachowdary\Downloads\Anomaly-Videos-Part-2\Anomaly-Videos-Part-2\Burglary\Burglary052_x264.mp4,train,1,Anomaly,UCF-Crime,burglary,binary_anomaly_detection
Burglary053_x264,C:\Users\Jnapikachowdary\Downloads\Anomaly-Videos-Part-2\Anomaly-Videos-Part-2\Burglary\Burglary053_x264.mp4,train,1,Anomaly,UCF-Crime,burglary,binary_anomaly_detection
Burglary054_x264,C:\Users\Jnapikachowdary\Downloads\Anomaly-Videos-Part-2\Anomaly-Videos-Part-2\Burglary\Burglary054_x264.mp4,train,1,Anomaly,UCF-Crime,burglary,binary_anomaly_detection
Burglary055_x264,C:\Users\Jnapikachowdary\Downloads\Anomaly-Videos-Part-2\Anomaly-Videos-Part-2\Burglary\Burglary055_x264.mp4,train,1,Anomaly,UCF-Crime,burglary,binary_anomaly_detection
Burglary056_x264,C:\Users\Jnapikachowdary\Downloads\Anomaly-Videos-Part-2\Anomaly-Videos-Part-2\Burglary\Burglary056_x264.mp4,train,1,Anomaly,UCF-Crime,burglary,binary_anomaly_detection
Burglary057_x264,C:\Users\Jnapikachowdary\Downloads\Anomaly-Videos-Part-2\Anomaly-Videos-Part-2\Burglary\Burglary057_x264.mp4,train,1,Anomaly,UCF-Crime,burglary,binary_anomaly_detection
Burglary058_x264,C:\Users\Jnapikachowdary\Downloads\Anomaly-Videos-Part-2\Anomaly-Videos-Part-2\Burglary\Burglary058_x264.mp4,train,1,Anomaly,UCF-Crime,burglary,binary_anomaly_detection
Burglary059_x264,C:\Users\Jnapikachowdary\Downloads\Anomaly-Videos-Part-2\Anomaly-Videos-Part-2\Burglary\Burglary059_x264.mp4,train,1,Anomaly,UCF-Crime,burglary,binary_anomaly_detection
Burglary060_x264,C:\Users\Jnapikachowdary\Downloads\Anomaly-Videos-Part-2\Anomaly-Videos-Part-2\Burglary\Burglary060_x264.mp4,train,1,Anomaly,UCF-Crime,burglary,binary_anomaly_detection
Burglary062_x264,C:\Users\Jnapikachowdary\Downloads\Anomaly-Videos-Part-2\Anomaly-Videos-Part-2\Burglary\Burglary062_x264.mp4,train,1,Anomaly,UCF-Crime,burglary,binary_anomaly_detection
Burglary063_x264,C:\Users\Jnapikachowdary\Downloads\Anomaly-Videos-Part-2\Anomaly-Videos-Part-2\Burglary\Burglary063_x264.mp4,train,1,Anomaly,UCF-Crime,burglary,binary_anomaly_detection
Burglary064_x264,C:\Users\Jnapikachowdary\Downloads\Anomaly-Videos-Part-2\Anomaly-Videos-Part-2\Burglary\Burglary064_x264.mp4,train,1,Anomaly,UCF-Crime,burglary,binary_anomaly_detection
Burglary065_x264,C:\Users\Jnapikachowdary\Downloads\Anomaly-Videos-Part-2\Anomaly-Videos-Part-2\Burglary\Burglary065_x264.mp4,train,1,Anomaly,UCF-Crime,burglary,binary_anomaly_detection
Burglary066_x264,C:\Users\Jnapikachowdary\Downloads\Anomaly-Videos-Part-2\Anomaly-Videos-Part-2\Burglary\Burglary066_x264.mp4,train,1,Anomaly,UCF-Crime,burglary,binary_anomaly_detection
Burglary067_x264,C:\Users\Jnapikachowdary\Downloads\Anomaly-Videos-Part-2\Anomaly-Videos-Part-2\Burglary\Burglary067_x264.mp4,train,1,Anomaly,UCF-Crime,burglary,binary_anomaly_detection
Burglary068_x264,C:\Users\Jnapikachowdary\Downloads\Anomaly-Videos-Part-2\Anomaly-Videos-Part-2\Burglary\Burglary068_x264.mp4,train,1,Anomaly,UCF-Crime,burglary,binary_anomaly_detection
Burglary069_x264,C:\Users\Jnapikachowdary\Downloads\Anomaly-Videos-Part-2\Anomaly-Videos-Part-2\Burglary\Burglary069_x264.mp4,train,1,Anomaly,UCF-Crime,burglary,binary_anomaly_detection
Burglary070_x264,C:\Users\Jnapikachowdary\Downloads\Anomaly-Videos-Part-2\Anomaly-Videos-Part-2\Burglary\Burglary070_x264.mp4,train,1,Anomaly,UCF-Crime,burglary,binary_anomaly_detection
Burglary071_x264,C:\Users\Jnapikachowdary\Downloads\Anomaly-Videos-Part-2\Anomaly-Videos-Part-2\Burglary\Burglary071_x264.mp4,train,1,Anomaly,UCF-Crime,burglary,binary_anomaly_detection
Burglary072_x264,C:\Users\Jnapikachowdary\Downloads\Anomaly-Videos-Part-2\Anomaly-Videos-Part-2\Burglary\Burglary072_x264.mp4,train,1,Anomaly,UCF-Crime,burglary,binary_anomaly_detection
Burglary073_x264,C:\Users\Jnapikachowdary\Downloads\Anomaly-Videos-Part-2\Anomaly-Videos-Part-2\Burglary\Burglary073_x264.mp4,train,1,Anomaly,UCF-Crime,burglary,binary_anomaly_detection
Burglary074_x264,C:\Users\Jnapikachowdary\Downloads\Anomaly-Videos-Part-2\Anomaly-Videos-Part-2\Burglary\Burglary074_x264.mp4,train,1,Anomaly,UCF-Crime,burglary,binary_anomaly_detection
Burglary075_x264,C:\Users\Jnapikachowdary\Downloads\Anomaly-Videos-Part-2\Anomaly-Videos-Part-2\Burglary\Burglary075_x264.mp4,train,1,Anomaly,UCF-Crime,burglary,binary_anomaly_detection
Burglary077_x264,C:\Users\Jnapikachowdary\Downloads\Anomaly-Videos-Part-2\Anomaly-Videos-Part-2\Burglary\Burglary077_x264.mp4,train,1,Anomaly,UCF-Crime,burglary,binary_anomaly_detection
Burglary078_x264,C:\Users\Jnapikachowdary\Downloads\Anomaly-Videos-Part-2\Anomaly-Videos-Part-2\Burglary\Burglary078_x264.mp4,train,1,Anomaly,UCF-Crime,burglary,binary_anomaly_detection
Burglary080_x264,C:\Users\Jnapikachowdary\Downloads\Anomaly-Videos-Part-2\Anomaly-Videos-Part-2\Burglary\Burglary080_x264.mp4,train,1,Anomaly,UCF-Crime,burglary,binary_anomaly_detection
Burglary081_x264,C:\Users\Jnapikachowdary\Downloads\Anomaly-Videos-Part-2\Anomaly-Videos-Part-2\Burglary\Burglary081_x264.mp4,train,1,Anomaly,UCF-Crime,burglary,binary_anomaly_detection
Burglary082_x264,C:\Users\Jnapikachowdary\Downloads\Anomaly-Videos-Part-2\Anomaly-Videos-Part-2\Burglary\Burglary082_x264.mp4,train,1,Anomaly,UCF-Crime,burglary,binary_anomaly_detection
Burglary083_x264,C:\Users\Jnapikachowdary\Downloads\Anomaly-Videos-Part-2\Anomaly-Videos-Part-2\Burglary\Burglary083_x264.mp4,train,1,Anomaly,UCF-Crime,burglary,binary_anomaly_detection
Burglary084_x264,C:\Users\Jnapikachowdary\Downloads\Anomaly-Videos-Part-2\Anomaly-Videos-Part-2\Burglary\Burglary084_x264.mp4,train,1,Anomaly,UCF-Crime,burglary,binary_anomaly_detection
Burglary085_x264,C:\Users\Jnapikachowdary\Downloads\Anomaly-Videos-Part-2\Anomaly-Videos-Part-2\Burglary\Burglary085_x264.mp4,train,1,Anomaly,UCF-Crime,burglary,binary_anomaly_detection
Burglary086_x264,C:\Users\Jnapikachowdary\Downloads\Anomaly-Videos-Part-2\Anomaly-Videos-Part-2\Burglary\Burglary086_x264.mp4,train,1,Anomaly,UCF-Crime,burglary,binary_anomaly_detection
Burglary087_x264,C:\Users\Jnapikachowdary\Downloads\Anomaly-Videos-Part-2\Anomaly-Videos-Part-2\Burglary\Burglary087_x264.mp4,train,1,Anomaly,UCF-Crime,burglary,binary_anomaly_detection
Burglary088_x264,C:\Users\Jnapikachowdary\Downloads\Anomaly-Videos-Part-2\Anomaly-Videos-Part-2\Burglary\Burglary088_x264.mp4,train,1,Anomaly,UCF-Crime,burglary,binary_anomaly_detection
Burglary089_x264,C:\Users\Jnapikachowdary\Downloads\Anomaly-Videos-Part-2\Anomaly-Videos-Part-2\Burglary\Burglary089_x264.mp4,train,1,Anomaly,UCF-Crime,burglary,binary_anomaly_detection
Burglary090_x264,C:\Users\Jnapikachowdary\Downloads\Anomaly-Videos-Part-2\Anomaly-Videos-Part-2\Burglary\Burglary090_x264.mp4,train,1,Anomaly,UCF-Crime,burglary,binary_anomaly_detection
Burglary091_x264,C:\Users\Jnapikachowdary\Downloads\Anomaly-Videos-Part-2\Anomaly-Videos-Part-2\Burglary\Burglary091_x264.mp4,train,1,Anomaly,UCF-Crime,burglary,binary_anomaly_detection
Burglary093_x264,C:\Users\Jnapikachowdary\Downloads\Anomaly-Videos-Part-2\Anomaly-Videos-Part-2\Burglary\Burglary093_x264.mp4,train,1,Anomaly,UCF-Crime,burglary,binary_anomaly_detection
Burglary094_x264,C:\Users\Jnapikachowdary\Downloads\Anomaly-Videos-Part-2\Anomaly-Videos-Part-2\Burglary\Burglary094_x264.mp4,train,1,Anomaly,UCF-Crime,burglary,binary_anomaly_detection
Burglary095_x264,C:\Users\Jnapikachowdary\Downloads\Anomaly-Videos-Part-2\Anomaly-Videos-Part-2\Burglary\Burglary095_x264.mp4,train,1,Anomaly,UCF-Crime,burglary,binary_anomaly_detection
Burglary096_x264,C:\Users\Jnapikachowdary\Downloads\Anomaly-Videos-Part-2\Anomaly-Videos-Part-2\Burglary\Burglary096_x264.mp4,train,1,Anomaly,UCF-Crime,burglary,binary_anomaly_detection
Burglary097_x264,C:\Users\Jnapikachowdary\Downloads\Anomaly-Videos-Part-2\Anomaly-Videos-Part-2\Burglary\Burglary097_x264.mp4,train,1,Anomaly,UCF-Crime,burglary,binary_anomaly_detection
Burglary098_x264,C:\Users\Jnapikachowdary\Downloads\Anomaly-Videos-Part-2\Anomaly-Videos-Part-2\Burglary\Burglary098_x264.mp4,train,1,Anomaly,UCF-Crime,burglary,binary_anomaly_detection
Burglary099_x264,C:\Users\Jnapikachowdary\Downloads\Anomaly-Videos-Part-2\Anomaly-Videos-Part-2\Burglary\Burglary099_x264.mp4,train,1,Anomaly,UCF-Crime,burglary,binary_anomaly_detection
Burglary100_x264,C:\Users\Jnapikachowdary\Downloads\Anomaly-Videos-Part-2\Anomaly-Videos-Part-2\Burglary\Burglary100_x264.mp4,train,1,Anomaly,UCF-Crime,burglary,binary_anomaly_detection
Explosion001_x264,C:\Users\Jnapikachowdary\Downloads\Anomaly-Videos-Part-2\Anomaly-Videos-Part-2\Explosion\Explosion001_x264.mp4,train,1,Anomaly,UCF-Crime,explosion,binary_anomaly_detection
Explosion003_x264,C:\Users\Jnapikachowdary\Downloads\Anomaly-Videos-Part-2\Anomaly-Videos-Part-2\Explosion\Explosion003_x264.mp4,train,1,Anomaly,UCF-Crime,explosion,binary_anomaly_detection
Explosion005_x264,C:\Users\Jnapikachowdary\Downloads\Anomaly-Videos-Part-2\Anomaly-Videos-Part-2\Explosion\Explosion005_x264.mp4,train,1,Anomaly,UCF-Crime,explosion,binary_anomaly_detection
Explosion006_x264,C:\Users\Jnapikachowdary\Downloads\Anomaly-Videos-Part-2\Anomaly-Videos-Part-2\Explosion\Explosion006_x264.mp4,train,1,Anomaly,UCF-Crime,explosion,binary_anomaly_detection
Explosion009_x264,C:\Users\Jnapikachowdary\Downloads\Anomaly-Videos-Part-2\Anomaly-Videos-Part-2\Explosion\Explosion009_x264.mp4,train,1,Anomaly,UCF-Crime,explosion,binary_anomaly_detection
Explosion012_x264,C:\Users\Jnapikachowdary\Downloads\Anomaly-Videos-Part-2\Anomaly-Videos-Part-2\Explosion\Explosion012_x264.mp4,train,1,Anomaly,UCF-Crime,explosion,binary_anomaly_detection
Explosion014_x264,C:\Users\Jnapikachowdary\Downloads\Anomaly-Videos-Part-2\Anomaly-Videos-Part-2\Explosion\Explosion014_x264.mp4,train,1,Anomaly,UCF-Crime,explosion,binary_anomaly_detection
Explosion015_x264,C:\Users\Jnapikachowdary\Downloads\Anomaly-Videos-Part-2\Anomaly-Videos-Part-2\Explosion\Explosion015_x264.mp4,train,1,Anomaly,UCF-Crime,explosion,binary_anomaly_detection
Explosion018_x264,C:\Users\Jnapikachowdary\Downloads\Anomaly-Videos-Part-2\Anomaly-Videos-Part-2\Explosion\Explosion018_x264.mp4,train,1,Anomaly,UCF-Crime,explosion,binary_anomaly_detection
Explosion019_x264,C:\Users\Jnapikachowdary\Downloads\Anomaly-Videos-Part-2\Anomaly-Videos-Part-2\Explosion\Explosion019_x264.mp4,train,1,Anomaly,UCF-Crime,explosion,binary_anomaly_detection
Explosion023_x264,C:\Users\Jnapikachowdary\Downloads\Anomaly-Videos-Part-2\Anomaly-Videos-Part-2\Explosion\Explosion023_x264.mp4,train,1,Anomaly,UCF-Crime,explosion,binary_anomaly_detection
Explosion024_x264,C:\Users\Jnapikachowdary\Downloads\Anomaly-Videos-Part-2\Anomaly-Videos-Part-2\Explosion\Explosion024_x264.mp4,train,1,Anomaly,UCF-Crime,explosion,binary_anomaly_detection
Explosion026_x264,C:\Users\Jnapikachowdary\Downloads\Anomaly-Videos-Part-2\Anomaly-Videos-Part-2\Explosion\Explosion026_x264.mp4,train,1,Anomaly,UCF-Crime,explosion,binary_anomaly_detection
Explosion030_x264,C:\Users\Jnapikachowdary\Downloads\Anomaly-Videos-Part-2\Anomaly-Videos-Part-2\Explosion\Explosion030_x264.mp4,train,1,Anomaly,UCF-Crime,explosion,binary_anomaly_detection
Explosion032_x264,C:\Users\Jnapikachowdary\Downloads\Anomaly-Videos-Part-2\Anomaly-Videos-Part-2\Explosion\Explosion032_x264.mp4,train,1,Anomaly,UCF-Crime,explosion,binary_anomaly_detection
Explosion034_x264,C:\Users\Jnapikachowdary\Downloads\Anomaly-Videos-Part-2\Anomaly-Videos-Part-2\Explosion\Explosion034_x264.mp4,train,1,Anomaly,UCF-Crime,explosion,binary_anomaly_detection
Explosion037_x264,C:\Users\Jnapikachowdary\Downloads\Anomaly-Videos-Part-2\Anomaly-Videos-Part-2\Explosion\Explosion037_x264.mp4,train,1,Anomaly,UCF-Crime,explosion,binary_anomaly_detection
Explosion038_x264,C:\Users\Jnapikachowdary\Downloads\Anomaly-Videos-Part-2\Anomaly-Videos-Part-2\Explosion\Explosion038_x264.mp4,train,1,Anomaly,UCF-Crime,explosion,binary_anomaly_detection
Explosion040_x264,C:\Users\Jnapikachowdary\Downloads\Anomaly-Videos-Part-2\Anomaly-Videos-Part-2\Explosion\Explosion040_x264.mp4,train,1,Anomaly,UCF-Crime,explosion,binary_anomaly_detection
Explosion041_x264,C:\Users\Jnapikachowdary\Downloads\Anomaly-Videos-Part-2\Anomaly-Videos-Part-2\Explosion\Explosion041_x264.mp4,train,1,Anomaly,UCF-Crime,explosion,binary_anomaly_detection
Explosion042_x264,C:\Users\Jnapikachowdary\Downloads\Anomaly-Videos-Part-2\Anomaly-Videos-Part-2\Explosion\Explosion042_x264.mp4,train,1,Anomaly,UCF-Crime,explosion,binary_anomaly_detection
Explosion044_x264,C:\Users\Jnapikachowdary\Downloads\Anomaly-Videos-Part-2\Anomaly-Videos-Part-2\Explosion\Explosion044_x264.mp4,train,1,Anomaly,UCF-Crime,explosion,binary_anomaly_detection
Explosion045_x264,C:\Users\Jnapikachowdary\Downloads\Anomaly-Videos-Part-2\Anomaly-Videos-Part-2\Explosion\Explosion045_x264.mp4,train,1,Anomaly,UCF-Crime,explosion,binary_anomaly_detection
Explosion046_x264,C:\Users\Jnapikachowdary\Downloads\Anomaly-Videos-Part-2\Anomaly-Videos-Part-2\Explosion\Explosion046_x264.mp4,train,1,Anomaly,UCF-Crime,explosion,binary_anomaly_detection
Explosion047_x264,C:\Users\Jnapikachowdary\Downloads\Anomaly-Videos-Part-2\Anomaly-Videos-Part-2\Explosion\Explosion047_x264.mp4,train,1,Anomaly,UCF-Crime,explosion,binary_anomaly_detection
Explosion048_x264,C:\Users\Jnapikachowdary\Downloads\Anomaly-Videos-Part-2\Anomaly-Videos-Part-2\Explosion\Explosion048_x264.mp4,train,1,Anomaly,UCF-Crime,explosion,binary_anomaly_detection
Explosion050_x264,C:\Users\Jnapikachowdary\Downloads\Anomaly-Videos-Part-2\Anomaly-Videos-Part-2\Explosion\Explosion050_x264.mp4,train,1,Anomaly,UCF-Crime,explosion,binary_anomaly_detection
Explosion051_x264,C:\Users\Jnapikachowdary\Downloads\Anomaly-Videos-Part-2\Anomaly-Videos-Part-2\Explosion\Explosion051_x264.mp4,train,1,Anomaly,UCF-Crime,explosion,binary_anomaly_detection
Explosion052_x264,C:\Users\Jnapikachowdary\Downloads\Anomaly-Videos-Part-2\Anomaly-Videos-Part-2\Explosion\Explosion052_x264.mp4,train,1,Anomaly,UCF-Crime,explosion,binary_anomaly_detection
Fighting002_x264,C:\Users\Jnapikachowdary\Downloads\Anomaly-Videos-Part-2\Anomaly-Videos-Part-2\Fighting\Fighting002_x264.mp4,train,1,Anomaly,UCF-Crime,fighting,binary_anomaly_detection
Fighting004_x264,C:\Users\Jnapikachowdary\Downloads\Anomaly-Videos-Part-2\Anomaly-Videos-Part-2\Fighting\Fighting004_x264.mp4,train,1,Anomaly,UCF-Crime,fighting,binary_anomaly_detection
Fighting005_x264,C:\Users\Jnapikachowdary\Downloads\Anomaly-Videos-Part-2\Anomaly-Videos-Part-2\Fighting\Fighting005_x264.mp4,train,1,Anomaly,UCF-Crime,fighting,binary_anomaly_detection
Fighting006_x264,C:\Users\Jnapikachowdary\Downloads\Anomaly-Videos-Part-2\Anomaly-Videos-Part-2\Fighting\Fighting006_x264.mp4,train,1,Anomaly,UCF-Crime,fighting,binary_anomaly_detection
Fighting007_x264,C:\Users\Jnapikachowdary\Downloads\Anomaly-Videos-Part-2\Anomaly-Videos-Part-2\Fighting\Fighting007_x264.mp4,train,1,Anomaly,UCF-Crime,fighting,binary_anomaly_detection
Fighting008_x264,C:\Users\Jnapikachowdary\Downloads\Anomaly-Videos-Part-2\Anomaly-Videos-Part-2\Fighting\Fighting008_x264.mp4,train,1,Anomaly,UCF-Crime,fighting,binary_anomaly_detection
Fighting009_x264,C:\Users\Jnapikachowdary\Downloads\Anomaly-Videos-Part-2\Anomaly-Videos-Part-2\Fighting\Fighting009_x264.mp4,train,1,Anomaly,UCF-Crime,fighting,binary_anomaly_detection
Fighting010_x264,C:\Users\Jnapikachowdary\Downloads\Anomaly-Videos-Part-2\Anomaly-Videos-Part-2\Fighting\Fighting010_x264.mp4,train,1,Anomaly,UCF-Crime,fighting,binary_anomaly_detection
Fighting011_x264,C:\Users\Jnapikachowdary\Downloads\Anomaly-Videos-Part-2\Anomaly-Videos-Part-2\Fighting\Fighting011_x264.mp4,train,1,Anomaly,UCF-Crime,fighting,binary_anomaly_detection
Fighting012_x264,C:\Users\Jnapikachowdary\Downloads\Anomaly-Videos-Part-2\Anomaly-Videos-Part-2\Fighting\Fighting012_x264.mp4,train,1,Anomaly,UCF-Crime,fighting,binary_anomaly_detection
Fighting013_x264,C:\Users\Jnapikachowdary\Downloads\Anomaly-Videos-Part-2\Anomaly-Videos-Part-2\Fighting\Fighting013_x264.mp4,train,1,Anomaly,UCF-Crime,fighting,binary_anomaly_detection
Fighting014_x264,C:\Users\Jnapikachowdary\Downloads\Anomaly-Videos-Part-2\Anomaly-Videos-Part-2\Fighting\Fighting014_x264.mp4,train,1,Anomaly,UCF-Crime,fighting,binary_anomaly_detection
Fighting015_x264,C:\Users\Jnapikachowdary\Downloads\Anomaly-Videos-Part-2\Anomaly-Videos-Part-2\Fighting\Fighting015_x264.mp4,train,1,Anomaly,UCF-Crime,fighting,binary_anomaly_detection
Fighting016_x264,C:\Users\Jnapikachowdary\Downloads\Anomaly-Videos-Part-2\Anomaly-Videos-Part-2\Fighting\Fighting016_x264.mp4,train,1,Anomaly,UCF-Crime,fighting,binary_anomaly_detection
Fighting017_x264,C:\Users\Jnapikachowdary\Downloads\Anomaly-Videos-Part-2\Anomaly-Videos-Part-2\Fighting\Fighting017_x264.mp4,train,1,Anomaly,UCF-Crime,fighting,binary_anomaly_detection
Fighting019_x264,C:\Users\Jnapikachowdary\Downloads\Anomaly-Videos-Part-2\Anomaly-Videos-Part-2\Fighting\Fighting019_x264.mp4,train,1,Anomaly,UCF-Crime,fighting,binary_anomaly_detection
Fighting020_x264,C:\Users\Jnapikachowdary\Downloads\Anomaly-Videos-Part-2\Anomaly-Videos-Part-2\Fighting\Fighting020_x264.mp4,train,1,Anomaly,UCF-Crime,fighting,binary_anomaly_detection
Fighting021_x264,C:\Users\Jnapikachowdary\Downloads\Anomaly-Videos-Part-2\Anomaly-Videos-Part-2\Fighting\Fighting021_x264.mp4,train,1,Anomaly,UCF-Crime,fighting,binary_anomaly_detection
Fighting022_x264,C:\Users\Jnapikachowdary\Downloads\Anomaly-Videos-Part-2\Anomaly-Videos-Part-2\Fighting\Fighting022_x264.mp4,train,1,Anomaly,UCF-Crime,fighting,binary_anomaly_detection
Fighting023_x264,C:\Users\Jnapikachowdary\Downloads\Anomaly-Videos-Part-2\Anomaly-Videos-Part-2\Fighting\Fighting023_x264.mp4,train,1,Anomaly,UCF-Crime,fighting,binary_anomaly_detection
Fighting024_x264,C:\Users\Jnapikachowdary\Downloads\Anomaly-Videos-Part-2\Anomaly-Videos-Part-2\Fighting\Fighting024_x264.mp4,train,1,Anomaly,UCF-Crime,fighting,binary_anomaly_detection
Fighting025_x264,C:\Users\Jnapikachowdary\Downloads\Anomaly-Videos-Part-2\Anomaly-Videos-Part-2\Fighting\Fighting025_x264.mp4,train,1,Anomaly,UCF-Crime,fighting,binary_anomaly_detection
Fighting026_x264,C:\Users\Jnapikachowdary\Downloads\Anomaly-Videos-Part-2\Anomaly-Videos-Part-2\Fighting\Fighting026_x264.mp4,train,1,Anomaly,UCF-Crime,fighting,binary_anomaly_detection
Fighting027_x264,C:\Users\Jnapikachowdary\Downloads\Anomaly-Videos-Part-2\Anomaly-Videos-Part-2\Fighting\Fighting027_x264.mp4,train,1,Anomaly,UCF-Crime,fighting,binary_anomaly_detection
Fighting028_x264,C:\Users\Jnapikachowdary\Downloads\Anomaly-Videos-Part-2\Anomaly-Videos-Part-2\Fighting\Fighting028_x264.mp4,train,1,Anomaly,UCF-Crime,fighting,binary_anomaly_detection
Fighting029_x264,C:\Users\Jnapikachowdary\Downloads\Anomaly-Videos-Part-2\Anomaly-Videos-Part-2\Fighting\Fighting029_x264.mp4,train,1,Anomaly,UCF-Crime,fighting,binary_anomaly_detection
Fighting030_x264,C:\Users\Jnapikachowdary\Downloads\Anomaly-Videos-Part-2\Anomaly-Videos-Part-2\Fighting\Fighting030_x264.mp4,train,1,Anomaly,UCF-Crime,fighting,binary_anomaly_detection
Fighting031_x264,C:\Users\Jnapikachowdary\Downloads\Anomaly-Videos-Part-2\Anomaly-Videos-Part-2\Fighting\Fighting031_x264.mp4,train,1,Anomaly,UCF-Crime,fighting,binary_anomaly_detection
Fighting032_x264,C:\Users\Jnapikachowdary\Downloads\Anomaly-Videos-Part-2\Anomaly-Videos-Part-2\Fighting\Fighting032_x264.mp4,train,1,Anomaly,UCF-Crime,fighting,binary_anomaly_detection
Fighting034_x264,C:\Users\Jnapikachowdary\Downloads\Anomaly-Videos-Part-2\Anomaly-Videos-Part-2\Fighting\Fighting034_x264.mp4,train,1,Anomaly,UCF-Crime,fighting,binary_anomaly_detection
Fighting035_x264,C:\Users\Jnapikachowdary\Downloads\Anomaly-Videos-Part-2\Anomaly-Videos-Part-2\Fighting\Fighting035_x264.mp4,train,1,Anomaly,UCF-Crime,fighting,binary_anomaly_detection
Fighting036_x264,C:\Users\Jnapikachowdary\Downloads\Anomaly-Videos-Part-2\Anomaly-Videos-Part-2\Fighting\Fighting036_x264.mp4,train,1,Anomaly,UCF-Crime,fighting,binary_anomaly_detection
Fighting037_x264,C:\Users\Jnapikachowdary\Downloads\Anomaly-Videos-Part-2\Anomaly-Videos-Part-2\Fighting\Fighting037_x264.mp4,train,1,Anomaly,UCF-Crime,fighting,binary_anomaly_detection
Fighting038_x264,C:\Users\Jnapikachowdary\Downloads\Anomaly-Videos-Part-2\Anomaly-Videos-Part-2\Fighting\Fighting038_x264.mp4,train,1,Anomaly,UCF-Crime,fighting,binary_anomaly_detection
Fighting039_x264,C:\Users\Jnapikachowdary\Downloads\Anomaly-Videos-Part-2\Anomaly-Videos-Part-2\Fighting\Fighting039_x264.mp4,train,1,Anomaly,UCF-Crime,fighting,binary_anomaly_detection
Fighting040_x264,C:\Users\Jnapikachowdary\Downloads\Anomaly-Videos-Part-2\Anomaly-Videos-Part-2\Fighting\Fighting040_x264.mp4,train,1,Anomaly,UCF-Crime,fighting,binary_anomaly_detection
Fighting041_x264,C:\Users\Jnapikachowdary\Downloads\Anomaly-Videos-Part-2\Anomaly-Videos-Part-2\Fighting\Fighting041_x264.mp4,train,1,Anomaly,UCF-Crime,fighting,binary_anomaly_detection
Fighting043_x264,C:\Users\Jnapikachowdary\Downloads\Anomaly-Videos-Part-2\Anomaly-Videos-Part-2\Fighting\Fighting043_x264.mp4,train,1,Anomaly,UCF-Crime,fighting,binary_anomaly_detection
Fighting044_x264,C:\Users\Jnapikachowdary\Downloads\Anomaly-Videos-Part-2\Anomaly-Videos-Part-2\Fighting\Fighting044_x264.mp4,train,1,Anomaly,UCF-Crime,fighting,binary_anomaly_detection
Fighting045_x264,C:\Users\Jnapikachowdary\Downloads\Anomaly-Videos-Part-2\Anomaly-Videos-Part-2\Fighting\Fighting045_x264.mp4,train,1,Anomaly,UCF-Crime,fighting,binary_anomaly_detection
Fighting046_x264,C:\Users\Jnapikachowdary\Downloads\Anomaly-Videos-Part-2\Anomaly-Videos-Part-2\Fighting\Fighting046_x264.mp4,train,1,Anomaly,UCF-Crime,fighting,binary_anomaly_detection
Fighting048_x264,C:\Users\Jnapikachowdary\Downloads\Anomaly-Videos-Part-2\Anomaly-Videos-Part-2\Fighting\Fighting048_x264.mp4,train,1,Anomaly,UCF-Crime,fighting,binary_anomaly_detection
Fighting049_x264,C:\Users\Jnapikachowdary\Downloads\Anomaly-Videos-Part-2\Anomaly-Videos-Part-2\Fighting\Fighting049_x264.mp4,train,1,Anomaly,UCF-Crime,fighting,binary_anomaly_detection
Fighting050_x264,C:\Users\Jnapikachowdary\Downloads\Anomaly-Videos-Part-2\Anomaly-Videos-Part-2\Fighting\Fighting050_x264.mp4,train,1,Anomaly,UCF-Crime,fighting,binary_anomaly_detection
Fighting051_x264,C:\Users\Jnapikachowdary\Downloads\Anomaly-Videos-Part-2\Anomaly-Videos-Part-2\Fighting\Fighting051_x264.mp4,train,1,Anomaly,UCF-Crime,fighting,binary_anomaly_detection
RoadAccidents003_x264,C:\Users\Jnapikachowdary\Downloads\Anomaly-Videos-Part-3\Anomaly-Videos-Part-3\RoadAccidents\RoadAccidents003_x264.mp4,train,1,Anomaly,UCF-Crime,roadaccidents,binary_anomaly_detection
RoadAccidents005_x264,C:\Users\Jnapikachowdary\Downloads\Anomaly-Videos-Part-3\Anomaly-Videos-Part-3\RoadAccidents\RoadAccidents005_x264.mp4,train,1,Anomaly,UCF-Crime,roadaccidents,binary_anomaly_detection
RoadAccidents006_x264,C:\Users\Jnapikachowdary\Downloads\Anomaly-Videos-Part-3\Anomaly-Videos-Part-3\RoadAccidents\RoadAccidents006_x264.mp4,train,1,Anomaly,UCF-Crime,roadaccidents,binary_anomaly_detection
RoadAccidents007_x264,C:\Users\Jnapikachowdary\Downloads\Anomaly-Videos-Part-3\Anomaly-Videos-Part-3\RoadAccidents\RoadAccidents007_x264.mp4,train,1,Anomaly,UCF-Crime,roadaccidents,binary_anomaly_detection
RoadAccidents008_x264,C:\Users\Jnapikachowdary\Downloads\Anomaly-Videos-Part-3\Anomaly-Videos-Part-3\RoadAccidents\RoadAccidents008_x264.mp4,train,1,Anomaly,UCF-Crime,roadaccidents,binary_anomaly_detection
RoadAccidents013_x264,C:\Users\Jnapikachowdary\Downloads\Anomaly-Videos-Part-3\Anomaly-Videos-Part-3\RoadAccidents\RoadAccidents013_x264.mp4,train,1,Anomaly,UCF-Crime,roadaccidents,binary_anomaly_detection
RoadAccidents014_x264,C:\Users\Jnapikachowdary\Downloads\Anomaly-Videos-Part-3\Anomaly-Videos-Part-3\RoadAccidents\RoadAccidents014_x264.mp4,train,1,Anomaly,UCF-Crime,roadaccidents,binary_anomaly_detection
RoadAccidents015_x264,C:\Users\Jnapikachowdary\Downloads\Anomaly-Videos-Part-3\Anomaly-Videos-Part-3\RoadAccidents\RoadAccidents015_x264.mp4,train,1,Anomaly,UCF-Crime,roadaccidents,binary_anomaly_detection
RoadAccidents018_x264,C:\Users\Jnapikachowdary\Downloads\Anomaly-Videos-Part-3\Anomaly-Videos-Part-3\RoadAccidents\RoadAccidents018_x264.mp4,train,1,Anomaly,UCF-Crime,roadaccidents,binary_anomaly_detection
RoadAccidents023_x264,C:\Users\Jnapikachowdary\Downloads\Anomaly-Videos-Part-3\Anomaly-Videos-Part-3\RoadAccidents\RoadAccidents023_x264.mp4,train,1,Anomaly,UCF-Crime,roadaccidents,binary_anomaly_detection
RoadAccidents024_x264,C:\Users\Jnapikachowdary\Downloads\Anomaly-Videos-Part-3\Anomaly-Videos-Part-3\RoadAccidents\RoadAccidents024_x264.mp4,train,1,Anomaly,UCF-Crime,roadaccidents,binary_anomaly_detection
RoadAccidents025_x264,C:\Users\Jnapikachowdary\Downloads\Anomaly-Videos-Part-3\Anomaly-Videos-Part-3\RoadAccidents\RoadAccidents025_x264.mp4,train,1,Anomaly,UCF-Crime,roadaccidents,binary_anomaly_detection
RoadAccidents026_x264,C:\Users\Jnapikachowdary\Downloads\Anomaly-Videos-Part-3\Anomaly-Videos-Part-3\RoadAccidents\RoadAccidents026_x264.mp4,train,1,Anomaly,UCF-Crime,roadaccidents,binary_anomaly_detection
RoadAccidents027_x264,C:\Users\Jnapikachowdary\Downloads\Anomaly-Videos-Part-3\Anomaly-Videos-Part-3\RoadAccidents\RoadAccidents027_x264.mp4,train,1,Anomaly,UCF-Crime,roadaccidents,binary_anomaly_detection
RoadAccidents028_x264,C:\Users\Jnapikachowdary\Downloads\Anomaly-Videos-Part-3\Anomaly-Videos-Part-3\RoadAccidents\RoadAccidents028_x264.mp4,train,1,Anomaly,UCF-Crime,roadaccidents,binary_anomaly_detection
RoadAccidents029_x264,C:\Users\Jnapikachowdary\Downloads\Anomaly-Videos-Part-3\Anomaly-Videos-Part-3\RoadAccidents\RoadAccidents029_x264.mp4,train,1,Anomaly,UCF-Crime,roadaccidents,binary_anomaly_detection
RoadAccidents030_x264,C:\Users\Jnapikachowdary\Downloads\Anomaly-Videos-Part-3\Anomaly-Videos-Part-3\RoadAccidents\RoadAccidents030_x264.mp4,train,1,Anomaly,UCF-Crime,roadaccidents,binary_anomaly_detection
RoadAccidents031_x264,C:\Users\Jnapikachowdary\Downloads\Anomaly-Videos-Part-3\Anomaly-Videos-Part-3\RoadAccidents\RoadAccidents031_x264.mp4,train,1,Anomaly,UCF-Crime,roadaccidents,binary_anomaly_detection
RoadAccidents032_x264,C:\Users\Jnapikachowdary\Downloads\Anomaly-Videos-Part-3\Anomaly-Videos-Part-3\RoadAccidents\RoadAccidents032_x264.mp4,train,1,Anomaly,UCF-Crime,roadaccidents,binary_anomaly_detection
RoadAccidents033_x264,C:\Users\Jnapikachowdary\Downloads\Anomaly-Videos-Part-3\Anomaly-Videos-Part-3\RoadAccidents\RoadAccidents033_x264.mp4,train,1,Anomaly,UCF-Crime,roadaccidents,binary_anomaly_detection
RoadAccidents034_x264,C:\Users\Jnapikachowdary\Downloads\Anomaly-Videos-Part-3\Anomaly-Videos-Part-3\RoadAccidents\RoadAccidents034_x264.mp4,train,1,Anomaly,UCF-Crime,roadaccidents,binary_anomaly_detection
RoadAccidents035_x264,C:\Users\Jnapikachowdary\Downloads\Anomaly-Videos-Part-3\Anomaly-Videos-Part-3\RoadAccidents\RoadAccidents035_x264.mp4,train,1,Anomaly,UCF-Crime,roadaccidents,binary_anomaly_detection
RoadAccidents036_x264,C:\Users\Jnapikachowdary\Downloads\Anomaly-Videos-Part-3\Anomaly-Videos-Part-3\RoadAccidents\RoadAccidents036_x264.mp4,train,1,Anomaly,UCF-Crime,roadaccidents,binary_anomaly_detection
RoadAccidents037_x264,C:\Users\Jnapikachowdary\Downloads\Anomaly-Videos-Part-3\Anomaly-Videos-Part-3\RoadAccidents\RoadAccidents037_x264.mp4,train,1,Anomaly,UCF-Crime,roadaccidents,binary_anomaly_detection
RoadAccidents038_x264,C:\Users\Jnapikachowdary\Downloads\Anomaly-Videos-Part-3\Anomaly-Videos-Part-3\RoadAccidents\RoadAccidents038_x264.mp4,train,1,Anomaly,UCF-Crime,roadaccidents,binary_anomaly_detection
RoadAccidents039_x264,C:\Users\Jnapikachowdary\Downloads\Anomaly-Videos-Part-3\Anomaly-Videos-Part-3\RoadAccidents\RoadAccidents039_x264.mp4,train,1,Anomaly,UCF-Crime,roadaccidents,binary_anomaly_detection
RoadAccidents040_x264,C:\Users\Jnapikachowdary\Downloads\Anomaly-Videos-Part-3\Anomaly-Videos-Part-3\RoadAccidents\RoadAccidents040_x264.mp4,train,1,Anomaly,UCF-Crime,roadaccidents,binary_anomaly_detection
RoadAccidents041_x264,C:\Users\Jnapikachowdary\Downloads\Anomaly-Videos-Part-3\Anomaly-Videos-Part-3\RoadAccidents\RoadAccidents041_x264.mp4,train,1,Anomaly,UCF-Crime,roadaccidents,binary_anomaly_detection
RoadAccidents042_x264,C:\Users\Jnapikachowdary\Downloads\Anomaly-Videos-Part-3\Anomaly-Videos-Part-3\RoadAccidents\RoadAccidents042_x264.mp4,train,1,Anomaly,UCF-Crime,roadaccidents,binary_anomaly_detection
RoadAccidents043_x264,C:\Users\Jnapikachowdary\Downloads\Anomaly-Videos-Part-3\Anomaly-Videos-Part-3\RoadAccidents\RoadAccidents043_x264.mp4,train,1,Anomaly,UCF-Crime,roadaccidents,binary_anomaly_detection
RoadAccidents044_x264,C:\Users\Jnapikachowdary\Downloads\Anomaly-Videos-Part-3\Anomaly-Videos-Part-3\RoadAccidents\RoadAccidents044_x264.mp4,train,1,Anomaly,UCF-Crime,roadaccidents,binary_anomaly_detection
RoadAccidents046_x264,C:\Users\Jnapikachowdary\Downloads\Anomaly-Videos-Part-3\Anomaly-Videos-Part-3\RoadAccidents\RoadAccidents046_x264.mp4,train,1,Anomaly,UCF-Crime,roadaccidents,binary_anomaly_detection
RoadAccidents047_x264,C:\Users\Jnapikachowdary\Downloads\Anomaly-Videos-Part-3\Anomaly-Videos-Part-3\RoadAccidents\RoadAccidents047_x264.mp4,train,1,Anomaly,UCF-Crime,roadaccidents,binary_anomaly_detection
RoadAccidents048_x264,C:\Users\Jnapikachowdary\Downloads\Anomaly-Videos-Part-3\Anomaly-Videos-Part-3\RoadAccidents\RoadAccidents048_x264.mp4,train,1,Anomaly,UCF-Crime,roadaccidents,binary_anomaly_detection
RoadAccidents049_x264,C:\Users\Jnapikachowdary\Downloads\Anomaly-Videos-Part-3\Anomaly-Videos-Part-3\RoadAccidents\RoadAccidents049_x264.mp4,train,1,Anomaly,UCF-Crime,roadaccidents,binary_anomaly_detection
RoadAccidents050_x264,C:\Users\Jnapikachowdary\Downloads\Anomaly-Videos-Part-3\Anomaly-Videos-Part-3\RoadAccidents\RoadAccidents050_x264.mp4,train,1,Anomaly,UCF-Crime,roadaccidents,binary_anomaly_detection
RoadAccidents051_x264,C:\Users\Jnapikachowdary\Downloads\Anomaly-Videos-Part-3\Anomaly-Videos-Part-3\RoadAccidents\RoadAccidents051_x264.mp4,train,1,Anomaly,UCF-Crime,roadaccidents,binary_anomaly_detection
RoadAccidents052_x264,C:\Users\Jnapikachowdary\Downloads\Anomaly-Videos-Part-3\Anomaly-Videos-Part-3\RoadAccidents\RoadAccidents052_x264.mp4,train,1,Anomaly,UCF-Crime,roadaccidents,binary_anomaly_detection
RoadAccidents053_x264,C:\Users\Jnapikachowdary\Downloads\Anomaly-Videos-Part-3\Anomaly-Videos-Part-3\RoadAccidents\RoadAccidents053_x264.mp4,train,1,Anomaly,UCF-Crime,roadaccidents,binary_anomaly_detection
RoadAccidents054_x264,C:\Users\Jnapikachowdary\Downloads\Anomaly-Videos-Part-3\Anomaly-Videos-Part-3\RoadAccidents\RoadAccidents054_x264.mp4,train,1,Anomaly,UCF-Crime,roadaccidents,binary_anomaly_detection
RoadAccidents055_x264,C:\Users\Jnapikachowdary\Downloads\Anomaly-Videos-Part-3\Anomaly-Videos-Part-3\RoadAccidents\RoadAccidents055_x264.mp4,train,1,Anomaly,UCF-Crime,roadaccidents,binary_anomaly_detection
RoadAccidents056_x264,C:\Users\Jnapikachowdary\Downloads\Anomaly-Videos-Part-3\Anomaly-Videos-Part-3\RoadAccidents\RoadAccidents056_x264.mp4,train,1,Anomaly,UCF-Crime,roadaccidents,binary_anomaly_detection
RoadAccidents057_x264,C:\Users\Jnapikachowdary\Downloads\Anomaly-Videos-Part-3\Anomaly-Videos-Part-3\RoadAccidents\RoadAccidents057_x264.mp4,train,1,Anomaly,UCF-Crime,roadaccidents,binary_anomaly_detection
RoadAccidents058_x264,C:\Users\Jnapikachowdary\Downloads\Anomaly-Videos-Part-3\Anomaly-Videos-Part-3\RoadAccidents\RoadAccidents058_x264.mp4,train,1,Anomaly,UCF-Crime,roadaccidents,binary_anomaly_detection
RoadAccidents059_x264,C:\Users\Jnapikachowdary\Downloads\Anomaly-Videos-Part-3\Anomaly-Videos-Part-3\RoadAccidents\RoadAccidents059_x264.mp4,train,1,Anomaly,UCF-Crime,roadaccidents,binary_anomaly_detection
RoadAccidents060_x264,C:\Users\Jnapikachowdary\Downloads\Anomaly-Videos-Part-3\Anomaly-Videos-Part-3\RoadAccidents\RoadAccidents060_x264.mp4,train,1,Anomaly,UCF-Crime,roadaccidents,binary_anomaly_detection
RoadAccidents061_x264,C:\Users\Jnapikachowdary\Downloads\Anomaly-Videos-Part-3\Anomaly-Videos-Part-3\RoadAccidents\RoadAccidents061_x264.mp4,train,1,Anomaly,UCF-Crime,roadaccidents,binary_anomaly_detection
RoadAccidents062_x264,C:\Users\Jnapikachowdary\Downloads\Anomaly-Videos-Part-3\Anomaly-Videos-Part-3\RoadAccidents\RoadAccidents062_x264.mp4,train,1,Anomaly,UCF-Crime,roadaccidents,binary_anomaly_detection
RoadAccidents063_x264,C:\Users\Jnapikachowdary\Downloads\Anomaly-Videos-Part-3\Anomaly-Videos-Part-3\RoadAccidents\RoadAccidents063_x264.mp4,train,1,Anomaly,UCF-Crime,roadaccidents,binary_anomaly_detection
RoadAccidents064_x264,C:\Users\Jnapikachowdary\Downloads\Anomaly-Videos-Part-3\Anomaly-Videos-Part-3\RoadAccidents\RoadAccidents064_x264.mp4,train,1,Anomaly,UCF-Crime,roadaccidents,binary_anomaly_detection
RoadAccidents065_x264,C:\Users\Jnapikachowdary\Downloads\Anomaly-Videos-Part-3\Anomaly-Videos-Part-3\RoadAccidents\RoadAccidents065_x264.mp4,train,1,Anomaly,UCF-Crime,roadaccidents,binary_anomaly_detection
RoadAccidents066_x264,C:\Users\Jnapikachowdary\Downloads\Anomaly-Videos-Part-3\Anomaly-Videos-Part-3\RoadAccidents\RoadAccidents066_x264.mp4,train,1,Anomaly,UCF-Crime,roadaccidents,binary_anomaly_detection
RoadAccidents067_x264,C:\Users\Jnapikachowdary\Downloads\Anomaly-Videos-Part-3\Anomaly-Videos-Part-3\RoadAccidents\RoadAccidents067_x264.mp4,train,1,Anomaly,UCF-Crime,roadaccidents,binary_anomaly_detection
RoadAccidents068_x264,C:\Users\Jnapikachowdary\Downloads\Anomaly-Videos-Part-3\Anomaly-Videos-Part-3\RoadAccidents\RoadAccidents068_x264.mp4,train,1,Anomaly,UCF-Crime,roadaccidents,binary_anomaly_detection
RoadAccidents069_x264,C:\Users\Jnapikachowdary\Downloads\Anomaly-Videos-Part-3\Anomaly-Videos-Part-3\RoadAccidents\RoadAccidents069_x264.mp4,train,1,Anomaly,UCF-Crime,roadaccidents,binary_anomaly_detection
RoadAccidents070_x264,C:\Users\Jnapikachowdary\Downloads\Anomaly-Videos-Part-3\Anomaly-Videos-Part-3\RoadAccidents\RoadAccidents070_x264.mp4,train,1,Anomaly,UCF-Crime,roadaccidents,binary_anomaly_detection
RoadAccidents071_x264,C:\Users\Jnapikachowdary\Downloads\Anomaly-Videos-Part-3\Anomaly-Videos-Part-3\RoadAccidents\RoadAccidents071_x264.mp4,train,1,Anomaly,UCF-Crime,roadaccidents,binary_anomaly_detection
RoadAccidents072_x264,C:\Users\Jnapikachowdary\Downloads\Anomaly-Videos-Part-3\Anomaly-Videos-Part-3\RoadAccidents\RoadAccidents072_x264.mp4,train,1,Anomaly,UCF-Crime,roadaccidents,binary_anomaly_detection
RoadAccidents073_x264,C:\Users\Jnapikachowdary\Downloads\Anomaly-Videos-Part-3\Anomaly-Videos-Part-3\RoadAccidents\RoadAccidents073_x264.mp4,train,1,Anomaly,UCF-Crime,roadaccidents,binary_anomaly_detection
RoadAccidents074_x264,C:\Users\Jnapikachowdary\Downloads\Anomaly-Videos-Part-3\Anomaly-Videos-Part-3\RoadAccidents\RoadAccidents074_x264.mp4,train,1,Anomaly,UCF-Crime,roadaccidents,binary_anomaly_detection
RoadAccidents075_x264,C:\Users\Jnapikachowdary\Downloads\Anomaly-Videos-Part-3\Anomaly-Videos-Part-3\RoadAccidents\RoadAccidents075_x264.mp4,train,1,Anomaly,UCF-Crime,roadaccidents,binary_anomaly_detection
RoadAccidents076_x264,C:\Users\Jnapikachowdary\Downloads\Anomaly-Videos-Part-3\Anomaly-Videos-Part-3\RoadAccidents\RoadAccidents076_x264.mp4,train,1,Anomaly,UCF-Crime,roadaccidents,binary_anomaly_detection
RoadAccidents077_x264,C:\Users\Jnapikachowdary\Downloads\Anomaly-Videos-Part-3\Anomaly-Videos-Part-3\RoadAccidents\RoadAccidents077_x264.mp4,train,1,Anomaly,UCF-Crime,roadaccidents,binary_anomaly_detection
RoadAccidents078_x264,C:\Users\Jnapikachowdary\Downloads\Anomaly-Videos-Part-3\Anomaly-Videos-Part-3\RoadAccidents\RoadAccidents078_x264.mp4,train,1,Anomaly,UCF-Crime,roadaccidents,binary_anomaly_detection
RoadAccidents079_x264,C:\Users\Jnapikachowdary\Downloads\Anomaly-Videos-Part-3\Anomaly-Videos-Part-3\RoadAccidents\RoadAccidents079_x264.mp4,train,1,Anomaly,UCF-Crime,roadaccidents,binary_anomaly_detection
RoadAccidents080_x264,C:\Users\Jnapikachowdary\Downloads\Anomaly-Videos-Part-3\Anomaly-Videos-Part-3\RoadAccidents\RoadAccidents080_x264.mp4,train,1,Anomaly,UCF-Crime,roadaccidents,binary_anomaly_detection
RoadAccidents081_x264,C:\Users\Jnapikachowdary\Downloads\Anomaly-Videos-Part-3\Anomaly-Videos-Part-3\RoadAccidents\RoadAccidents081_x264.mp4,train,1,Anomaly,UCF-Crime,roadaccidents,binary_anomaly_detection
RoadAccidents082_x264,C:\Users\Jnapikachowdary\Downloads\Anomaly-Videos-Part-3\Anomaly-Videos-Part-3\RoadAccidents\RoadAccidents082_x264.mp4,train,1,Anomaly,UCF-Crime,roadaccidents,binary_anomaly_detection
RoadAccidents083_x264,C:\Users\Jnapikachowdary\Downloads\Anomaly-Videos-Part-3\Anomaly-Videos-Part-3\RoadAccidents\RoadAccidents083_x264.mp4,train,1,Anomaly,UCF-Crime,roadaccidents,binary_anomaly_detection
RoadAccidents084_x264,C:\Users\Jnapikachowdary\Downloads\Anomaly-Videos-Part-3\Anomaly-Videos-Part-3\RoadAccidents\RoadAccidents084_x264.mp4,train,1,Anomaly,UCF-Crime,roadaccidents,binary_anomaly_detection
RoadAccidents085_x264,C:\Users\Jnapikachowdary\Downloads\Anomaly-Videos-Part-3\Anomaly-Videos-Part-3\RoadAccidents\RoadAccidents085_x264.mp4,train,1,Anomaly,UCF-Crime,roadaccidents,binary_anomaly_detection
RoadAccidents086_x264,C:\Users\Jnapikachowdary\Downloads\Anomaly-Videos-Part-3\Anomaly-Videos-Part-3\RoadAccidents\RoadAccidents086_x264.mp4,train,1,Anomaly,UCF-Crime,roadaccidents,binary_anomaly_detection
RoadAccidents087_x264,C:\Users\Jnapikachowdary\Downloads\Anomaly-Videos-Part-3\Anomaly-Videos-Part-3\RoadAccidents\RoadAccidents087_x264.mp4,train,1,Anomaly,UCF-Crime,roadaccidents,binary_anomaly_detection
RoadAccidents088_x264,C:\Users\Jnapikachowdary\Downloads\Anomaly-Videos-Part-3\Anomaly-Videos-Part-3\RoadAccidents\RoadAccidents088_x264.mp4,train,1,Anomaly,UCF-Crime,roadaccidents,binary_anomaly_detection
RoadAccidents089_x264,C:\Users\Jnapikachowdary\Downloads\Anomaly-Videos-Part-3\Anomaly-Videos-Part-3\RoadAccidents\RoadAccidents089_x264.mp4,train,1,Anomaly,UCF-Crime,roadaccidents,binary_anomaly_detection
RoadAccidents090_x264,C:\Users\Jnapikachowdary\Downloads\Anomaly-Videos-Part-3\Anomaly-Videos-Part-3\RoadAccidents\RoadAccidents090_x264.mp4,train,1,Anomaly,UCF-Crime,roadaccidents,binary_anomaly_detection
RoadAccidents091_x264,C:\Users\Jnapikachowdary\Downloads\Anomaly-Videos-Part-3\Anomaly-Videos-Part-3\RoadAccidents\RoadAccidents091_x264.mp4,train,1,Anomaly,UCF-Crime,roadaccidents,binary_anomaly_detection
RoadAccidents092_x264,C:\Users\Jnapikachowdary\Downloads\Anomaly-Videos-Part-3\Anomaly-Videos-Part-3\RoadAccidents\RoadAccidents092_x264.mp4,train,1,Anomaly,UCF-Crime,roadaccidents,binary_anomaly_detection
RoadAccidents093_x264,C:\Users\Jnapikachowdary\Downloads\Anomaly-Videos-Part-3\Anomaly-Videos-Part-3\RoadAccidents\RoadAccidents093_x264.mp4,train,1,Anomaly,UCF-Crime,roadaccidents,binary_anomaly_detection
RoadAccidents094_x264,C:\Users\Jnapikachowdary\Downloads\Anomaly-Videos-Part-3\Anomaly-Videos-Part-3\RoadAccidents\RoadAccidents094_x264.mp4,train,1,Anomaly,UCF-Crime,roadaccidents,binary_anomaly_detection
RoadAccidents095_x264,C:\Users\Jnapikachowdary\Downloads\Anomaly-Videos-Part-3\Anomaly-Videos-Part-3\RoadAccidents\RoadAccidents095_x264.mp4,train,1,Anomaly,UCF-Crime,roadaccidents,binary_anomaly_detection
RoadAccidents096_x264,C:\Users\Jnapikachowdary\Downloads\Anomaly-Videos-Part-3\Anomaly-Videos-Part-3\RoadAccidents\RoadAccidents096_x264.mp4,train,1,Anomaly,UCF-Crime,roadaccidents,binary_anomaly_detection
RoadAccidents097_x264,C:\Users\Jnapikachowdary\Downloads\Anomaly-Videos-Part-3\Anomaly-Videos-Part-3\RoadAccidents\RoadAccidents097_x264.mp4,train,1,Anomaly,UCF-Crime,roadaccidents,binary_anomaly_detection
RoadAccidents098_x264,C:\Users\Jnapikachowdary\Downloads\Anomaly-Videos-Part-3\Anomaly-Videos-Part-3\RoadAccidents\RoadAccidents098_x264.mp4,train,1,Anomaly,UCF-Crime,roadaccidents,binary_anomaly_detection
RoadAccidents099_x264,C:\Users\Jnapikachowdary\Downloads\Anomaly-Videos-Part-3\Anomaly-Videos-Part-3\RoadAccidents\RoadAccidents099_x264.mp4,train,1,Anomaly,UCF-Crime,roadaccidents,binary_anomaly_detection
RoadAccidents100_x264,C:\Users\Jnapikachowdary\Downloads\Anomaly-Videos-Part-3\Anomaly-Videos-Part-3\RoadAccidents\RoadAccidents100_x264.mp4,train,1,Anomaly,UCF-Crime,roadaccidents,binary_anomaly_detection
RoadAccidents101_x264,C:\Users\Jnapikachowdary\Downloads\Anomaly-Videos-Part-3\Anomaly-Videos-Part-3\RoadAccidents\RoadAccidents101_x264.mp4,train,1,Anomaly,UCF-Crime,roadaccidents,binary_anomaly_detection
RoadAccidents102_x264,C:\Users\Jnapikachowdary\Downloads\Anomaly-Videos-Part-3\Anomaly-Videos-Part-3\RoadAccidents\RoadAccidents102_x264.mp4,train,1,Anomaly,UCF-Crime,roadaccidents,binary_anomaly_detection
RoadAccidents103_x264,C:\Users\Jnapikachowdary\Downloads\Anomaly-Videos-Part-3\Anomaly-Videos-Part-3\RoadAccidents\RoadAccidents103_x264.mp4,train,1,Anomaly,UCF-Crime,roadaccidents,binary_anomaly_detection
RoadAccidents104_x264,C:\Users\Jnapikachowdary\Downloads\Anomaly-Videos-Part-3\Anomaly-Videos-Part-3\RoadAccidents\RoadAccidents104_x264.mp4,train,1,Anomaly,UCF-Crime,roadaccidents,binary_anomaly_detection
RoadAccidents105_x264,C:\Users\Jnapikachowdary\Downloads\Anomaly-Videos-Part-3\Anomaly-Videos-Part-3\RoadAccidents\RoadAccidents105_x264.mp4,train,1,Anomaly,UCF-Crime,roadaccidents,binary_anomaly_detection
RoadAccidents106_x264,C:\Users\Jnapikachowdary\Downloads\Anomaly-Videos-Part-3\Anomaly-Videos-Part-3\RoadAccidents\RoadAccidents106_x264.mp4,train,1,Anomaly,UCF-Crime,roadaccidents,binary_anomaly_detection
RoadAccidents107_x264,C:\Users\Jnapikachowdary\Downloads\Anomaly-Videos-Part-3\Anomaly-Videos-Part-3\RoadAccidents\RoadAccidents107_x264.mp4,train,1,Anomaly,UCF-Crime,roadaccidents,binary_anomaly_detection
RoadAccidents108_x264,C:\Users\Jnapikachowdary\Downloads\Anomaly-Videos-Part-3\Anomaly-Videos-Part-3\RoadAccidents\RoadAccidents108_x264.mp4,train,1,Anomaly,UCF-Crime,roadaccidents,binary_anomaly_detection
RoadAccidents109_x264,C:\Users\Jnapikachowdary\Downloads\Anomaly-Videos-Part-3\Anomaly-Videos-Part-3\RoadAccidents\RoadAccidents109_x264.mp4,train,1,Anomaly,UCF-Crime,roadaccidents,binary_anomaly_detection
RoadAccidents110_x264,C:\Users\Jnapikachowdary\Downloads\Anomaly-Videos-Part-3\Anomaly-Videos-Part-3\RoadAccidents\RoadAccidents110_x264.mp4,train,1,Anomaly,UCF-Crime,roadaccidents,binary_anomaly_detection
RoadAccidents111_x264,C:\Users\Jnapikachowdary\Downloads\Anomaly-Videos-Part-3\Anomaly-Videos-Part-3\RoadAccidents\RoadAccidents111_x264.mp4,train,1,Anomaly,UCF-Crime,roadaccidents,binary_anomaly_detection
RoadAccidents112_x264,C:\Users\Jnapikachowdary\Downloads\Anomaly-Videos-Part-3\Anomaly-Videos-Part-3\RoadAccidents\RoadAccidents112_x264.mp4,train,1,Anomaly,UCF-Crime,roadaccidents,binary_anomaly_detection
RoadAccidents113_x264,C:\Users\Jnapikachowdary\Downloads\Anomaly-Videos-Part-3\Anomaly-Videos-Part-3\RoadAccidents\RoadAccidents113_x264.mp4,train,1,Anomaly,UCF-Crime,roadaccidents,binary_anomaly_detection
RoadAccidents114_x264,C:\Users\Jnapikachowdary\Downloads\Anomaly-Videos-Part-3\Anomaly-Videos-Part-3\RoadAccidents\RoadAccidents114_x264.mp4,train,1,Anomaly,UCF-Crime,roadaccidents,binary_anomaly_detection
RoadAccidents115_x264,C:\Users\Jnapikachowdary\Downloads\Anomaly-Videos-Part-3\Anomaly-Videos-Part-3\RoadAccidents\RoadAccidents115_x264.mp4,train,1,Anomaly,UCF-Crime,roadaccidents,binary_anomaly_detection
RoadAccidents116_x264,C:\Users\Jnapikachowdary\Downloads\Anomaly-Videos-Part-3\Anomaly-Videos-Part-3\RoadAccidents\RoadAccidents116_x264.mp4,train,1,Anomaly,UCF-Crime,roadaccidents,binary_anomaly_detection
RoadAccidents117_x264,C:\Users\Jnapikachowdary\Downloads\Anomaly-Videos-Part-3\Anomaly-Videos-Part-3\RoadAccidents\RoadAccidents117_x264.mp4,train,1,Anomaly,UCF-Crime,roadaccidents,binary_anomaly_detection
RoadAccidents118_x264,C:\Users\Jnapikachowdary\Downloads\Anomaly-Videos-Part-3\Anomaly-Videos-Part-3\RoadAccidents\RoadAccidents118_x264.mp4,train,1,Anomaly,UCF-Crime,roadaccidents,binary_anomaly_detection
RoadAccidents119_x264,C:\Users\Jnapikachowdary\Downloads\Anomaly-Videos-Part-3\Anomaly-Videos-Part-3\RoadAccidents\RoadAccidents119_x264.mp4,train,1,Anomaly,UCF-Crime,roadaccidents,binary_anomaly_detection
RoadAccidents120_x264,C:\Users\Jnapikachowdary\Downloads\Anomaly-Videos-Part-3\Anomaly-Videos-Part-3\RoadAccidents\RoadAccidents120_x264.mp4,train,1,Anomaly,UCF-Crime,roadaccidents,binary_anomaly_detection
RoadAccidents126_x264,C:\Users\Jnapikachowdary\Downloads\Anomaly-Videos-Part-3\Anomaly-Videos-Part-3\RoadAccidents\RoadAccidents126_x264.mp4,train,1,Anomaly,UCF-Crime,roadaccidents,binary_anomaly_detection
RoadAccidents129_x264,C:\Users\Jnapikachowdary\Downloads\Anomaly-Videos-Part-3\Anomaly-Videos-Part-3\RoadAccidents\RoadAccidents129_x264.mp4,train,1,Anomaly,UCF-Crime,roadaccidents,binary_anomaly_detection
RoadAccidents130_x264,C:\Users\Jnapikachowdary\Downloads\Anomaly-Videos-Part-3\Anomaly-Videos-Part-3\RoadAccidents\RoadAccidents130_x264.mp4,train,1,Anomaly,UCF-Crime,roadaccidents,binary_anomaly_detection
RoadAccidents134_x264,C:\Users\Jnapikachowdary\Downloads\Anomaly-Videos-Part-3\Anomaly-Videos-Part-3\RoadAccidents\RoadAccidents134_x264.mp4,train,1,Anomaly,UCF-Crime,roadaccidents,binary_anomaly_detection
RoadAccidents135_x264,C:\Users\Jnapikachowdary\Downloads\Anomaly-Videos-Part-3\Anomaly-Videos-Part-3\RoadAccidents\RoadAccidents135_x264.mp4,train,1,Anomaly,UCF-Crime,roadaccidents,binary_anomaly_detection
RoadAccidents136_x264,C:\Users\Jnapikachowdary\Downloads\Anomaly-Videos-Part-3\Anomaly-Videos-Part-3\RoadAccidents\RoadAccidents136_x264.mp4,train,1,Anomaly,UCF-Crime,roadaccidents,binary_anomaly_detection
RoadAccidents137_x264,C:\Users\Jnapikachowdary\Downloads\Anomaly-Videos-Part-3\Anomaly-Videos-Part-3\RoadAccidents\RoadAccidents137_x264.mp4,train,1,Anomaly,UCF-Crime,roadaccidents,binary_anomaly_detection
RoadAccidents138_x264,C:\Users\Jnapikachowdary\Downloads\Anomaly-Videos-Part-3\Anomaly-Videos-Part-3\RoadAccidents\RoadAccidents138_x264.mp4,train,1,Anomaly,UCF-Crime,roadaccidents,binary_anomaly_detection
RoadAccidents139_x264,C:\Users\Jnapikachowdary\Downloads\Anomaly-Videos-Part-3\Anomaly-Videos-Part-3\RoadAccidents\RoadAccidents139_x264.mp4,train,1,Anomaly,UCF-Crime,roadaccidents,binary_anomaly_detection
RoadAccidents140_x264,C:\Users\Jnapikachowdary\Downloads\Anomaly-Videos-Part-3\Anomaly-Videos-Part-3\RoadAccidents\RoadAccidents140_x264.mp4,train,1,Anomaly,UCF-Crime,roadaccidents,binary_anomaly_detection
RoadAccidents141_x264,C:\Users\Jnapikachowdary\Downloads\Anomaly-Videos-Part-3\Anomaly-Videos-Part-3\RoadAccidents\RoadAccidents141_x264.mp4,train,1,Anomaly,UCF-Crime,roadaccidents,binary_anomaly_detection
RoadAccidents142_x264,C:\Users\Jnapikachowdary\Downloads\Anomaly-Videos-Part-3\Anomaly-Videos-Part-3\RoadAccidents\RoadAccidents142_x264.mp4,train,1,Anomaly,UCF-Crime,roadaccidents,binary_anomaly_detection
RoadAccidents143_x264,C:\Users\Jnapikachowdary\Downloads\Anomaly-Videos-Part-3\Anomaly-Videos-Part-3\RoadAccidents\RoadAccidents143_x264.mp4,train,1,Anomaly,UCF-Crime,roadaccidents,binary_anomaly_detection
RoadAccidents144_x264,C:\Users\Jnapikachowdary\Downloads\Anomaly-Videos-Part-3\Anomaly-Videos-Part-3\RoadAccidents\RoadAccidents144_x264.mp4,train,1,Anomaly,UCF-Crime,roadaccidents,binary_anomaly_detection
RoadAccidents145_x264,C:\Users\Jnapikachowdary\Downloads\Anomaly-Videos-Part-3\Anomaly-Videos-Part-3\RoadAccidents\RoadAccidents145_x264.mp4,train,1,Anomaly,UCF-Crime,roadaccidents,binary_anomaly_detection
RoadAccidents146_x264,C:\Users\Jnapikachowdary\Downloads\Anomaly-Videos-Part-3\Anomaly-Videos-Part-3\RoadAccidents\RoadAccidents146_x264.mp4,train,1,Anomaly,UCF-Crime,roadaccidents,binary_anomaly_detection
RoadAccidents147_x264,C:\Users\Jnapikachowdary\Downloads\Anomaly-Videos-Part-3\Anomaly-Videos-Part-3\RoadAccidents\RoadAccidents147_x264.mp4,train,1,Anomaly,UCF-Crime,roadaccidents,binary_anomaly_detection
RoadAccidents148_x264,C:\Users\Jnapikachowdary\Downloads\Anomaly-Videos-Part-3\Anomaly-Videos-Part-3\RoadAccidents\RoadAccidents148_x264.mp4,train,1,Anomaly,UCF-Crime,roadaccidents,binary_anomaly_detection
RoadAccidents149_x264,C:\Users\Jnapikachowdary\Downloads\Anomaly-Videos-Part-3\Anomaly-Videos-Part-3\RoadAccidents\RoadAccidents149_x264.mp4,train,1,Anomaly,UCF-Crime,roadaccidents,binary_anomaly_detection
RoadAccidents150_x264,C:\Users\Jnapikachowdary\Downloads\Anomaly-Videos-Part-3\Anomaly-Videos-Part-3\RoadAccidents\RoadAccidents150_x264.mp4,train,1,Anomaly,UCF-Crime,roadaccidents,binary_anomaly_detection
RoadAccidents151_x264,C:\Users\Jnapikachowdary\Downloads\Anomaly-Videos-Part-3\Anomaly-Videos-Part-3\RoadAccidents\RoadAccidents151_x264.mp4,train,1,Anomaly,UCF-Crime,roadaccidents,binary_anomaly_detection
Robbery001_x264,C:\Users\Jnapikachowdary\Downloads\Anomaly-Videos-Part-3\Anomaly-Videos-Part-3\Robbery\Robbery001_x264.mp4,train,1,Anomaly,UCF-Crime,robbery,binary_anomaly_detection
Robbery002_x264,C:\Users\Jnapikachowdary\Downloads\Anomaly-Videos-Part-3\Anomaly-Videos-Part-3\Robbery\Robbery002_x264.mp4,train,1,Anomaly,UCF-Crime,robbery,binary_anomaly_detection
Robbery003_x264,C:\Users\Jnapikachowdary\Downloads\Anomaly-Videos-Part-3\Anomaly-Videos-Part-3\Robbery\Robbery003_x264.mp4,train,1,Anomaly,UCF-Crime,robbery,binary_anomaly_detection
Robbery004_x264,C:\Users\Jnapikachowdary\Downloads\Anomaly-Videos-Part-3\Anomaly-Videos-Part-3\Robbery\Robbery004_x264.mp4,train,1,Anomaly,UCF-Crime,robbery,binary_anomaly_detection
Robbery005_x264,C:\Users\Jnapikachowdary\Downloads\Anomaly-Videos-Part-3\Anomaly-Videos-Part-3\Robbery\Robbery005_x264.mp4,train,1,Anomaly,UCF-Crime,robbery,binary_anomaly_detection
Robbery006_x264,C:\Users\Jnapikachowdary\Downloads\Anomaly-Videos-Part-3\Anomaly-Videos-Part-3\Robbery\Robbery006_x264.mp4,train,1,Anomaly,UCF-Crime,robbery,binary_anomaly_detection
Robbery007_x264,C:\Users\Jnapikachowdary\Downloads\Anomaly-Videos-Part-3\Anomaly-Videos-Part-3\Robbery\Robbery007_x264.mp4,train,1,Anomaly,UCF-Crime,robbery,binary_anomaly_detection
Robbery008_x264,C:\Users\Jnapikachowdary\Downloads\Anomaly-Videos-Part-3\Anomaly-Videos-Part-3\Robbery\Robbery008_x264.mp4,train,1,Anomaly,UCF-Crime,robbery,binary_anomaly_detection
Robbery009_x264,C:\Users\Jnapikachowdary\Downloads\Anomaly-Videos-Part-3\Anomaly-Videos-Part-3\Robbery\Robbery009_x264.mp4,train,1,Anomaly,UCF-Crime,robbery,binary_anomaly_detection
Robbery010_x264,C:\Users\Jnapikachowdary\Downloads\Anomaly-Videos-Part-3\Anomaly-Videos-Part-3\Robbery\Robbery010_x264.mp4,train,1,Anomaly,UCF-Crime,robbery,binary_anomaly_detection
Robbery011_x264,C:\Users\Jnapikachowdary\Downloads\Anomaly-Videos-Part-3\Anomaly-Videos-Part-3\Robbery\Robbery011_x264.mp4,train,1,Anomaly,UCF-Crime,robbery,binary_anomaly_detection
Robbery012_x264,C:\Users\Jnapikachowdary\Downloads\Anomaly-Videos-Part-3\Anomaly-Videos-Part-3\Robbery\Robbery012_x264.mp4,train,1,Anomaly,UCF-Crime,robbery,binary_anomaly_detection
Robbery013_x264,C:\Users\Jnapikachowdary\Downloads\Anomaly-Videos-Part-3\Anomaly-Videos-Part-3\Robbery\Robbery013_x264.mp4,train,1,Anomaly,UCF-Crime,robbery,binary_anomaly_detection
Robbery014_x264,C:\Users\Jnapikachowdary\Downloads\Anomaly-Videos-Part-3\Anomaly-Videos-Part-3\Robbery\Robbery014_x264.mp4,train,1,Anomaly,UCF-Crime,robbery,binary_anomaly_detection
Robbery015_x264,C:\Users\Jnapikachowdary\Downloads\Anomaly-Videos-Part-3\Anomaly-Videos-Part-3\Robbery\Robbery015_x264.mp4,train,1,Anomaly,UCF-Crime,robbery,binary_anomaly_detection
Robbery016_x264,C:\Users\Jnapikachowdary\Downloads\Anomaly-Videos-Part-3\Anomaly-Videos-Part-3\Robbery\Robbery016_x264.mp4,train,1,Anomaly,UCF-Crime,robbery,binary_anomaly_detection
Robbery017_x264,C:\Users\Jnapikachowdary\Downloads\Anomaly-Videos-Part-3\Anomaly-Videos-Part-3\Robbery\Robbery017_x264.mp4,train,1,Anomaly,UCF-Crime,robbery,binary_anomaly_detection
Robbery018_x264,C:\Users\Jnapikachowdary\Downloads\Anomaly-Videos-Part-3\Anomaly-Videos-Part-3\Robbery\Robbery018_x264.mp4,train,1,Anomaly,UCF-Crime,robbery,binary_anomaly_detection
Robbery019_x264,C:\Users\Jnapikachowdary\Downloads\Anomaly-Videos-Part-3\Anomaly-Videos-Part-3\Robbery\Robbery019_x264.mp4,train,1,Anomaly,UCF-Crime,robbery,binary_anomaly_detection
Robbery020_x264,C:\Users\Jnapikachowdary\Downloads\Anomaly-Videos-Part-3\Anomaly-Videos-Part-3\Robbery\Robbery020_x264.mp4,train,1,Anomaly,UCF-Crime,robbery,binary_anomaly_detection
Robbery021_x264,C:\Users\Jnapikachowdary\Downloads\Anomaly-Videos-Part-3\Anomaly-Videos-Part-3\Robbery\Robbery021_x264.mp4,train,1,Anomaly,UCF-Crime,robbery,binary_anomaly_detection
Robbery022_x264,C:\Users\Jnapikachowdary\Downloads\Anomaly-Videos-Part-3\Anomaly-Videos-Part-3\Robbery\Robbery022_x264.mp4,train,1,Anomaly,UCF-Crime,robbery,binary_anomaly_detection
Robbery023_x264,C:\Users\Jnapikachowdary\Downloads\Anomaly-Videos-Part-3\Anomaly-Videos-Part-3\Robbery\Robbery023_x264.mp4,train,1,Anomaly,UCF-Crime,robbery,binary_anomaly_detection
Robbery024_x264,C:\Users\Jnapikachowdary\Downloads\Anomaly-Videos-Part-3\Anomaly-Videos-Part-3\Robbery\Robbery024_x264.mp4,train,1,Anomaly,UCF-Crime,robbery,binary_anomaly_detection
Robbery025_x264,C:\Users\Jnapikachowdary\Downloads\Anomaly-Videos-Part-3\Anomaly-Videos-Part-3\Robbery\Robbery025_x264.mp4,train,1,Anomaly,UCF-Crime,robbery,binary_anomaly_detection
Robbery026_x264,C:\Users\Jnapikachowdary\Downloads\Anomaly-Videos-Part-3\Anomaly-Videos-Part-3\Robbery\Robbery026_x264.mp4,train,1,Anomaly,UCF-Crime,robbery,binary_anomaly_detection
Robbery027_x264,C:\Users\Jnapikachowdary\Downloads\Anomaly-Videos-Part-3\Anomaly-Videos-Part-3\Robbery\Robbery027_x264.mp4,train,1,Anomaly,UCF-Crime,robbery,binary_anomaly_detection
Robbery028_x264,C:\Users\Jnapikachowdary\Downloads\Anomaly-Videos-Part-3\Anomaly-Videos-Part-3\Robbery\Robbery028_x264.mp4,train,1,Anomaly,UCF-Crime,robbery,binary_anomaly_detection
Robbery029_x264,C:\Users\Jnapikachowdary\Downloads\Anomaly-Videos-Part-3\Anomaly-Videos-Part-3\Robbery\Robbery029_x264.mp4,train,1,Anomaly,UCF-Crime,robbery,binary_anomaly_detection
Robbery030_x264,C:\Users\Jnapikachowdary\Downloads\Anomaly-Videos-Part-3\Anomaly-Videos-Part-3\Robbery\Robbery030_x264.mp4,train,1,Anomaly,UCF-Crime,robbery,binary_anomaly_detection
Robbery031_x264,C:\Users\Jnapikachowdary\Downloads\Anomaly-Videos-Part-3\Anomaly-Videos-Part-3\Robbery\Robbery031_x264.mp4,train,1,Anomaly,UCF-Crime,robbery,binary_anomaly_detection
Robbery032_x264,C:\Users\Jnapikachowdary\Downloads\Anomaly-Videos-Part-3\Anomaly-Videos-Part-3\Robbery\Robbery032_x264.mp4,train,1,Anomaly,UCF-Crime,robbery,binary_anomaly_detection
Robbery033_x264,C:\Users\Jnapikachowdary\Downloads\Anomaly-Videos-Part-3\Anomaly-Videos-Part-3\Robbery\Robbery033_x264.mp4,train,1,Anomaly,UCF-Crime,robbery,binary_anomaly_detection
Robbery034_x264,C:\Users\Jnapikachowdary\Downloads\Anomaly-Videos-Part-3\Anomaly-Videos-Part-3\Robbery\Robbery034_x264.mp4,train,1,Anomaly,UCF-Crime,robbery,binary_anomaly_detection
Robbery035_x264,C:\Users\Jnapikachowdary\Downloads\Anomaly-Videos-Part-3\Anomaly-Videos-Part-3\Robbery\Robbery035_x264.mp4,train,1,Anomaly,UCF-Crime,robbery,binary_anomaly_detection
Robbery036_x264,C:\Users\Jnapikachowdary\Downloads\Anomaly-Videos-Part-3\Anomaly-Videos-Part-3\Robbery\Robbery036_x264.mp4,train,1,Anomaly,UCF-Crime,robbery,binary_anomaly_detection
Robbery037_x264,C:\Users\Jnapikachowdary\Downloads\Anomaly-Videos-Part-3\Anomaly-Videos-Part-3\Robbery\Robbery037_x264.mp4,train,1,Anomaly,UCF-Crime,robbery,binary_anomaly_detection
Robbery038_x264,C:\Users\Jnapikachowdary\Downloads\Anomaly-Videos-Part-3\Anomaly-Videos-Part-3\Robbery\Robbery038_x264.mp4,train,1,Anomaly,UCF-Crime,robbery,binary_anomaly_detection
Robbery039_x264,C:\Users\Jnapikachowdary\Downloads\Anomaly-Videos-Part-3\Anomaly-Videos-Part-3\Robbery\Robbery039_x264.mp4,train,1,Anomaly,UCF-Crime,robbery,binary_anomaly_detection
Robbery040_x264,C:\Users\Jnapikachowdary\Downloads\Anomaly-Videos-Part-3\Anomaly-Videos-Part-3\Robbery\Robbery040_x264.mp4,train,1,Anomaly,UCF-Crime,robbery,binary_anomaly_detection
Robbery041_x264,C:\Users\Jnapikachowdary\Downloads\Anomaly-Videos-Part-3\Anomaly-Videos-Part-3\Robbery\Robbery041_x264.mp4,train,1,Anomaly,UCF-Crime,robbery,binary_anomaly_detection
Robbery042_x264,C:\Users\Jnapikachowdary\Downloads\Anomaly-Videos-Part-3\Anomaly-Videos-Part-3\Robbery\Robbery042_x264.mp4,train,1,Anomaly,UCF-Crime,robbery,binary_anomaly_detection
Robbery043_x264,C:\Users\Jnapikachowdary\Downloads\Anomaly-Videos-Part-3\Anomaly-Videos-Part-3\Robbery\Robbery043_x264.mp4,train,1,Anomaly,UCF-Crime,robbery,binary_anomaly_detection
Robbery044_x264,C:\Users\Jnapikachowdary\Downloads\Anomaly-Videos-Part-3\Anomaly-Videos-Part-3\Robbery\Robbery044_x264.mp4,train,1,Anomaly,UCF-Crime,robbery,binary_anomaly_detection
Robbery045_x264,C:\Users\Jnapikachowdary\Downloads\Anomaly-Videos-Part-3\Anomaly-Videos-Part-3\Robbery\Robbery045_x264.mp4,train,1,Anomaly,UCF-Crime,robbery,binary_anomaly_detection
Robbery046_x264,C:\Users\Jnapikachowdary\Downloads\Anomaly-Videos-Part-3\Anomaly-Videos-Part-3\Robbery\Robbery046_x264.mp4,train,1,Anomaly,UCF-Crime,robbery,binary_anomaly_detection
Robbery047_x264,C:\Users\Jnapikachowdary\Downloads\Anomaly-Videos-Part-3\Anomaly-Videos-Part-3\Robbery\Robbery047_x264.mp4,train,1,Anomaly,UCF-Crime,robbery,binary_anomaly_detection
Robbery049_x264,C:\Users\Jnapikachowdary\Downloads\Anomaly-Videos-Part-3\Anomaly-Videos-Part-3\Robbery\Robbery049_x264.mp4,train,1,Anomaly,UCF-Crime,robbery,binary_anomaly_detection
Robbery051_x264,C:\Users\Jnapikachowdary\Downloads\Anomaly-Videos-Part-3\Anomaly-Videos-Part-3\Robbery\Robbery051_x264.mp4,train,1,Anomaly,UCF-Crime,robbery,binary_anomaly_detection
Robbery052_x264,C:\Users\Jnapikachowdary\Downloads\Anomaly-Videos-Part-3\Anomaly-Videos-Part-3\Robbery\Robbery052_x264.mp4,train,1,Anomaly,UCF-Crime,robbery,binary_anomaly_detection
Robbery053_x264,C:\Users\Jnapikachowdary\Downloads\Anomaly-Videos-Part-3\Anomaly-Videos-Part-3\Robbery\Robbery053_x264.mp4,train,1,Anomaly,UCF-Crime,robbery,binary_anomaly_detection
Robbery054_x264,C:\Users\Jnapikachowdary\Downloads\Anomaly-Videos-Part-3\Anomaly-Videos-Part-3\Robbery\Robbery054_x264.mp4,train,1,Anomaly,UCF-Crime,robbery,binary_anomaly_detection
Robbery055_x264,C:\Users\Jnapikachowdary\Downloads\Anomaly-Videos-Part-3\Anomaly-Videos-Part-3\Robbery\Robbery055_x264.mp4,train,1,Anomaly,UCF-Crime,robbery,binary_anomaly_detection
Robbery056_x264,C:\Users\Jnapikachowdary\Downloads\Anomaly-Videos-Part-3\Anomaly-Videos-Part-3\Robbery\Robbery056_x264.mp4,train,1,Anomaly,UCF-Crime,robbery,binary_anomaly_detection
Robbery057_x264,C:\Users\Jnapikachowdary\Downloads\Anomaly-Videos-Part-3\Anomaly-Videos-Part-3\Robbery\Robbery057_x264.mp4,train,1,Anomaly,UCF-Crime,robbery,binary_anomaly_detection
Robbery058_x264,C:\Users\Jnapikachowdary\Downloads\Anomaly-Videos-Part-3\Anomaly-Videos-Part-3\Robbery\Robbery058_x264.mp4,train,1,Anomaly,UCF-Crime,robbery,binary_anomaly_detection
Robbery059_x264,C:\Users\Jnapikachowdary\Downloads\Anomaly-Videos-Part-3\Anomaly-Videos-Part-3\Robbery\Robbery059_x264.mp4,train,1,Anomaly,UCF-Crime,robbery,binary_anomaly_detection
Robbery060_x264,C:\Users\Jnapikachowdary\Downloads\Anomaly-Videos-Part-3\Anomaly-Videos-Part-3\Robbery\Robbery060_x264.mp4,train,1,Anomaly,UCF-Crime,robbery,binary_anomaly_detection
Robbery061_x264,C:\Users\Jnapikachowdary\Downloads\Anomaly-Videos-Part-3\Anomaly-Videos-Part-3\Robbery\Robbery061_x264.mp4,train,1,Anomaly,UCF-Crime,robbery,binary_anomaly_detection
Robbery062_x264,C:\Users\Jnapikachowdary\Downloads\Anomaly-Videos-Part-3\Anomaly-Videos-Part-3\Robbery\Robbery062_x264.mp4,train,1,Anomaly,UCF-Crime,robbery,binary_anomaly_detection
Robbery063_x264,C:\Users\Jnapikachowdary\Downloads\Anomaly-Videos-Part-3\Anomaly-Videos-Part-3\Robbery\Robbery063_x264.mp4,train,1,Anomaly,UCF-Crime,robbery,binary_anomaly_detection
Robbery064_x264,C:\Users\Jnapikachowdary\Downloads\Anomaly-Videos-Part-3\Anomaly-Videos-Part-3\Robbery\Robbery064_x264.mp4,train,1,Anomaly,UCF-Crime,robbery,binary_anomaly_detection
Robbery065_x264,C:\Users\Jnapikachowdary\Downloads\Anomaly-Videos-Part-3\Anomaly-Videos-Part-3\Robbery\Robbery065_x264.mp4,train,1,Anomaly,UCF-Crime,robbery,binary_anomaly_detection
Robbery066_x264,C:\Users\Jnapikachowdary\Downloads\Anomaly-Videos-Part-3\Anomaly-Videos-Part-3\Robbery\Robbery066_x264.mp4,train,1,Anomaly,UCF-Crime,robbery,binary_anomaly_detection
Robbery067_x264,C:\Users\Jnapikachowdary\Downloads\Anomaly-Videos-Part-3\Anomaly-Videos-Part-3\Robbery\Robbery067_x264.mp4,train,1,Anomaly,UCF-Crime,robbery,binary_anomaly_detection
Robbery068_x264,C:\Users\Jnapikachowdary\Downloads\Anomaly-Videos-Part-3\Anomaly-Videos-Part-3\Robbery\Robbery068_x264.mp4,train,1,Anomaly,UCF-Crime,robbery,binary_anomaly_detection
Robbery069_x264,C:\Users\Jnapikachowdary\Downloads\Anomaly-Videos-Part-3\Anomaly-Videos-Part-3\Robbery\Robbery069_x264.mp4,train,1,Anomaly,UCF-Crime,robbery,binary_anomaly_detection
Robbery070_x264,C:\Users\Jnapikachowdary\Downloads\Anomaly-Videos-Part-3\Anomaly-Videos-Part-3\Robbery\Robbery070_x264.mp4,train,1,Anomaly,UCF-Crime,robbery,binary_anomaly_detection
Robbery071_x264,C:\Users\Jnapikachowdary\Downloads\Anomaly-Videos-Part-3\Anomaly-Videos-Part-3\Robbery\Robbery071_x264.mp4,train,1,Anomaly,UCF-Crime,robbery,binary_anomaly_detection
Robbery072_x264,C:\Users\Jnapikachowdary\Downloads\Anomaly-Videos-Part-3\Anomaly-Videos-Part-3\Robbery\Robbery072_x264.mp4,train,1,Anomaly,UCF-Crime,robbery,binary_anomaly_detection
Robbery073_x264,C:\Users\Jnapikachowdary\Downloads\Anomaly-Videos-Part-3\Anomaly-Videos-Part-3\Robbery\Robbery073_x264.mp4,train,1,Anomaly,UCF-Crime,robbery,binary_anomaly_detection
Robbery074_x264,C:\Users\Jnapikachowdary\Downloads\Anomaly-Videos-Part-3\Anomaly-Videos-Part-3\Robbery\Robbery074_x264.mp4,train,1,Anomaly,UCF-Crime,robbery,binary_anomaly_detection
Robbery075_x264,C:\Users\Jnapikachowdary\Downloads\Anomaly-Videos-Part-3\Anomaly-Videos-Part-3\Robbery\Robbery075_x264.mp4,train,1,Anomaly,UCF-Crime,robbery,binary_anomaly_detection
Robbery076_x264,C:\Users\Jnapikachowdary\Downloads\Anomaly-Videos-Part-3\Anomaly-Videos-Part-3\Robbery\Robbery076_x264.mp4,train,1,Anomaly,UCF-Crime,robbery,binary_anomaly_detection
Robbery077_x264,C:\Users\Jnapikachowdary\Downloads\Anomaly-Videos-Part-3\Anomaly-Videos-Part-3\Robbery\Robbery077_x264.mp4,train,1,Anomaly,UCF-Crime,robbery,binary_anomaly_detection
Robbery078_x264,C:\Users\Jnapikachowdary\Downloads\Anomaly-Videos-Part-3\Anomaly-Videos-Part-3\Robbery\Robbery078_x264.mp4,train,1,Anomaly,UCF-Crime,robbery,binary_anomaly_detection
Robbery079_x264,C:\Users\Jnapikachowdary\Downloads\Anomaly-Videos-Part-3\Anomaly-Videos-Part-3\Robbery\Robbery079_x264.mp4,train,1,Anomaly,UCF-Crime,robbery,binary_anomaly_detection
Robbery080_x264,C:\Users\Jnapikachowdary\Downloads\Anomaly-Videos-Part-3\Anomaly-Videos-Part-3\Robbery\Robbery080_x264.mp4,train,1,Anomaly,UCF-Crime,robbery,binary_anomaly_detection
Robbery081_x264,C:\Users\Jnapikachowdary\Downloads\Anomaly-Videos-Part-3\Anomaly-Videos-Part-3\Robbery\Robbery081_x264.mp4,train,1,Anomaly,UCF-Crime,robbery,binary_anomaly_detection
Robbery082_x264,C:\Users\Jnapikachowdary\Downloads\Anomaly-Videos-Part-3\Anomaly-Videos-Part-3\Robbery\Robbery082_x264.mp4,train,1,Anomaly,UCF-Crime,robbery,binary_anomaly_detection
Robbery083_x264,C:\Users\Jnapikachowdary\Downloads\Anomaly-Videos-Part-3\Anomaly-Videos-Part-3\Robbery\Robbery083_x264.mp4,train,1,Anomaly,UCF-Crime,robbery,binary_anomaly_detection
Robbery084_x264,C:\Users\Jnapikachowdary\Downloads\Anomaly-Videos-Part-3\Anomaly-Videos-Part-3\Robbery\Robbery084_x264.mp4,train,1,Anomaly,UCF-Crime,robbery,binary_anomaly_detection
Robbery085_x264,C:\Users\Jnapikachowdary\Downloads\Anomaly-Videos-Part-3\Anomaly-Videos-Part-3\Robbery\Robbery085_x264.mp4,train,1,Anomaly,UCF-Crime,robbery,binary_anomaly_detection
Robbery086_x264,C:\Users\Jnapikachowdary\Downloads\Anomaly-Videos-Part-3\Anomaly-Videos-Part-3\Robbery\Robbery086_x264.mp4,train,1,Anomaly,UCF-Crime,robbery,binary_anomaly_detection
Robbery087_x264,C:\Users\Jnapikachowdary\Downloads\Anomaly-Videos-Part-3\Anomaly-Videos-Part-3\Robbery\Robbery087_x264.mp4,train,1,Anomaly,UCF-Crime,robbery,binary_anomaly_detection
Robbery088_x264,C:\Users\Jnapikachowdary\Downloads\Anomaly-Videos-Part-3\Anomaly-Videos-Part-3\Robbery\Robbery088_x264.mp4,train,1,Anomaly,UCF-Crime,robbery,binary_anomaly_detection
Robbery089_x264,C:\Users\Jnapikachowdary\Downloads\Anomaly-Videos-Part-3\Anomaly-Videos-Part-3\Robbery\Robbery089_x264.mp4,train,1,Anomaly,UCF-Crime,robbery,binary_anomaly_detection
Robbery090_x264,C:\Users\Jnapikachowdary\Downloads\Anomaly-Videos-Part-3\Anomaly-Videos-Part-3\Robbery\Robbery090_x264.mp4,train,1,Anomaly,UCF-Crime,robbery,binary_anomaly_detection
Robbery091_x264,C:\Users\Jnapikachowdary\Downloads\Anomaly-Videos-Part-3\Anomaly-Videos-Part-3\Robbery\Robbery091_x264.mp4,train,1,Anomaly,UCF-Crime,robbery,binary_anomaly_detection
Robbery092_x264,C:\Users\Jnapikachowdary\Downloads\Anomaly-Videos-Part-3\Anomaly-Videos-Part-3\Robbery\Robbery092_x264.mp4,train,1,Anomaly,UCF-Crime,robbery,binary_anomaly_detection
Robbery093_x264,C:\Users\Jnapikachowdary\Downloads\Anomaly-Videos-Part-3\Anomaly-Videos-Part-3\Robbery\Robbery093_x264.mp4,train,1,Anomaly,UCF-Crime,robbery,binary_anomaly_detection
Robbery094_x264,C:\Users\Jnapikachowdary\Downloads\Anomaly-Videos-Part-3\Anomaly-Videos-Part-3\Robbery\Robbery094_x264.mp4,train,1,Anomaly,UCF-Crime,robbery,binary_anomaly_detection
Robbery095_x264,C:\Users\Jnapikachowdary\Downloads\Anomaly-Videos-Part-3\Anomaly-Videos-Part-3\Robbery\Robbery095_x264.mp4,train,1,Anomaly,UCF-Crime,robbery,binary_anomaly_detection
Robbery096_x264,C:\Users\Jnapikachowdary\Downloads\Anomaly-Videos-Part-3\Anomaly-Videos-Part-3\Robbery\Robbery096_x264.mp4,train,1,Anomaly,UCF-Crime,robbery,binary_anomaly_detection
Robbery097_x264,C:\Users\Jnapikachowdary\Downloads\Anomaly-Videos-Part-3\Anomaly-Videos-Part-3\Robbery\Robbery097_x264.mp4,train,1,Anomaly,UCF-Crime,robbery,binary_anomaly_detection
Robbery098_x264,C:\Users\Jnapikachowdary\Downloads\Anomaly-Videos-Part-3\Anomaly-Videos-Part-3\Robbery\Robbery098_x264.mp4,train,1,Anomaly,UCF-Crime,robbery,binary_anomaly_detection
Robbery099_x264,C:\Users\Jnapikachowdary\Downloads\Anomaly-Videos-Part-3\Anomaly-Videos-Part-3\Robbery\Robbery099_x264.mp4,train,1,Anomaly,UCF-Crime,robbery,binary_anomaly_detection
Robbery100_x264,C:\Users\Jnapikachowdary\Downloads\Anomaly-Videos-Part-3\Anomaly-Videos-Part-3\Robbery\Robbery100_x264.mp4,train,1,Anomaly,UCF-Crime,robbery,binary_anomaly_detection
Robbery101_x264,C:\Users\Jnapikachowdary\Downloads\Anomaly-Videos-Part-3\Anomaly-Videos-Part-3\Robbery\Robbery101_x264.mp4,train,1,Anomaly,UCF-Crime,robbery,binary_anomaly_detection
Robbery103_x264,C:\Users\Jnapikachowdary\Downloads\Anomaly-Videos-Part-3\Anomaly-Videos-Part-3\Robbery\Robbery103_x264.mp4,train,1,Anomaly,UCF-Crime,robbery,binary_anomaly_detection
Robbery104_x264,C:\Users\Jnapikachowdary\Downloads\Anomaly-Videos-Part-3\Anomaly-Videos-Part-3\Robbery\Robbery104_x264.mp4,train,1,Anomaly,UCF-Crime,robbery,binary_anomaly_detection
Robbery105_x264,C:\Users\Jnapikachowdary\Downloads\Anomaly-Videos-Part-3\Anomaly-Videos-Part-3\Robbery\Robbery105_x264.mp4,train,1,Anomaly,UCF-Crime,robbery,binary_anomaly_detection
Robbery107_x264,C:\Users\Jnapikachowdary\Downloads\Anomaly-Videos-Part-3\Anomaly-Videos-Part-3\Robbery\Robbery107_x264.mp4,train,1,Anomaly,UCF-Crime,robbery,binary_anomaly_detection
Robbery108_x264,C:\Users\Jnapikachowdary\Downloads\Anomaly-Videos-Part-3\Anomaly-Videos-Part-3\Robbery\Robbery108_x264.mp4,train,1,Anomaly,UCF-Crime,robbery,binary_anomaly_detection
Robbery109_x264,C:\Users\Jnapikachowdary\Downloads\Anomaly-Videos-Part-3\Anomaly-Videos-Part-3\Robbery\Robbery109_x264.mp4,train,1,Anomaly,UCF-Crime,robbery,binary_anomaly_detection
Robbery110_x264,C:\Users\Jnapikachowdary\Downloads\Anomaly-Videos-Part-3\Anomaly-Videos-Part-3\Robbery\Robbery110_x264.mp4,train,1,Anomaly,UCF-Crime,robbery,binary_anomaly_detection
Robbery111_x264,C:\Users\Jnapikachowdary\Downloads\Anomaly-Videos-Part-3\Anomaly-Videos-Part-3\Robbery\Robbery111_x264.mp4,train,1,Anomaly,UCF-Crime,robbery,binary_anomaly_detection
Robbery112_x264,C:\Users\Jnapikachowdary\Downloads\Anomaly-Videos-Part-3\Anomaly-Videos-Part-3\Robbery\Robbery112_x264.mp4,train,1,Anomaly,UCF-Crime,robbery,binary_anomaly_detection
Robbery113_x264,C:\Users\Jnapikachowdary\Downloads\Anomaly-Videos-Part-3\Anomaly-Videos-Part-3\Robbery\Robbery113_x264.mp4,train,1,Anomaly,UCF-Crime,robbery,binary_anomaly_detection
Robbery114_x264,C:\Users\Jnapikachowdary\Downloads\Anomaly-Videos-Part-3\Anomaly-Videos-Part-3\Robbery\Robbery114_x264.mp4,train,1,Anomaly,UCF-Crime,robbery,binary_anomaly_detection
Robbery115_x264,C:\Users\Jnapikachowdary\Downloads\Anomaly-Videos-Part-3\Anomaly-Videos-Part-3\Robbery\Robbery115_x264.mp4,train,1,Anomaly,UCF-Crime,robbery,binary_anomaly_detection
Robbery116_x264,C:\Users\Jnapikachowdary\Downloads\Anomaly-Videos-Part-3\Anomaly-Videos-Part-3\Robbery\Robbery116_x264.mp4,train,1,Anomaly,UCF-Crime,robbery,binary_anomaly_detection
Robbery117_x264,C:\Users\Jnapikachowdary\Downloads\Anomaly-Videos-Part-3\Anomaly-Videos-Part-3\Robbery\Robbery117_x264.mp4,train,1,Anomaly,UCF-Crime,robbery,binary_anomaly_detection
Robbery118_x264,C:\Users\Jnapikachowdary\Downloads\Anomaly-Videos-Part-3\Anomaly-Videos-Part-3\Robbery\Robbery118_x264.mp4,train,1,Anomaly,UCF-Crime,robbery,binary_anomaly_detection
Robbery119_x264,C:\Users\Jnapikachowdary\Downloads\Anomaly-Videos-Part-3\Anomaly-Videos-Part-3\Robbery\Robbery119_x264.mp4,train,1,Anomaly,UCF-Crime,robbery,binary_anomaly_detection
Robbery120_x264,C:\Users\Jnapikachowdary\Downloads\Anomaly-Videos-Part-3\Anomaly-Videos-Part-3\Robbery\Robbery120_x264.mp4,train,1,Anomaly,UCF-Crime,robbery,binary_anomaly_detection
Robbery121_x264,C:\Users\Jnapikachowdary\Downloads\Anomaly-Videos-Part-3\Anomaly-Videos-Part-3\Robbery\Robbery121_x264.mp4,train,1,Anomaly,UCF-Crime,robbery,binary_anomaly_detection
Robbery122_x264,C:\Users\Jnapikachowdary\Downloads\Anomaly-Videos-Part-3\Anomaly-Videos-Part-3\Robbery\Robbery122_x264.mp4,train,1,Anomaly,UCF-Crime,robbery,binary_anomaly_detection
Robbery123_x264,C:\Users\Jnapikachowdary\Downloads\Anomaly-Videos-Part-3\Anomaly-Videos-Part-3\Robbery\Robbery123_x264.mp4,train,1,Anomaly,UCF-Crime,robbery,binary_anomaly_detection
Robbery124_x264,C:\Users\Jnapikachowdary\Downloads\Anomaly-Videos-Part-3\Anomaly-Videos-Part-3\Robbery\Robbery124_x264.mp4,train,1,Anomaly,UCF-Crime,robbery,binary_anomaly_detection
Robbery125_x264,C:\Users\Jnapikachowdary\Downloads\Anomaly-Videos-Part-3\Anomaly-Videos-Part-3\Robbery\Robbery125_x264.mp4,train,1,Anomaly,UCF-Crime,robbery,binary_anomaly_detection
Robbery126_x264,C:\Users\Jnapikachowdary\Downloads\Anomaly-Videos-Part-3\Anomaly-Videos-Part-3\Robbery\Robbery126_x264.mp4,train,1,Anomaly,UCF-Crime,robbery,binary_anomaly_detection
Robbery127_x264,C:\Users\Jnapikachowdary\Downloads\Anomaly-Videos-Part-3\Anomaly-Videos-Part-3\Robbery\Robbery127_x264.mp4,train,1,Anomaly,UCF-Crime,robbery,binary_anomaly_detection
Robbery128_x264,C:\Users\Jnapikachowdary\Downloads\Anomaly-Videos-Part-3\Anomaly-Videos-Part-3\Robbery\Robbery128_x264.mp4,train,1,Anomaly,UCF-Crime,robbery,binary_anomaly_detection
Robbery129_x264,C:\Users\Jnapikachowdary\Downloads\Anomaly-Videos-Part-3\Anomaly-Videos-Part-3\Robbery\Robbery129_x264.mp4,train,1,Anomaly,UCF-Crime,robbery,binary_anomaly_detection
Robbery130_x264,C:\Users\Jnapikachowdary\Downloads\Anomaly-Videos-Part-3\Anomaly-Videos-Part-3\Robbery\Robbery130_x264.mp4,train,1,Anomaly,UCF-Crime,robbery,binary_anomaly_detection
Robbery131_x264,C:\Users\Jnapikachowdary\Downloads\Anomaly-Videos-Part-3\Anomaly-Videos-Part-3\Robbery\Robbery131_x264.mp4,train,1,Anomaly,UCF-Crime,robbery,binary_anomaly_detection
Robbery132_x264,C:\Users\Jnapikachowdary\Downloads\Anomaly-Videos-Part-3\Anomaly-Videos-Part-3\Robbery\Robbery132_x264.mp4,train,1,Anomaly,UCF-Crime,robbery,binary_anomaly_detection
Robbery133_x264,C:\Users\Jnapikachowdary\Downloads\Anomaly-Videos-Part-3\Anomaly-Videos-Part-3\Robbery\Robbery133_x264.mp4,train,1,Anomaly,UCF-Crime,robbery,binary_anomaly_detection
Robbery134_x264,C:\Users\Jnapikachowdary\Downloads\Anomaly-Videos-Part-3\Anomaly-Videos-Part-3\Robbery\Robbery134_x264.mp4,train,1,Anomaly,UCF-Crime,robbery,binary_anomaly_detection
Robbery135_x264,C:\Users\Jnapikachowdary\Downloads\Anomaly-Videos-Part-3\Anomaly-Videos-Part-3\Robbery\Robbery135_x264.mp4,train,1,Anomaly,UCF-Crime,robbery,binary_anomaly_detection
Robbery136_x264,C:\Users\Jnapikachowdary\Downloads\Anomaly-Videos-Part-3\Anomaly-Videos-Part-3\Robbery\Robbery136_x264.mp4,train,1,Anomaly,UCF-Crime,robbery,binary_anomaly_detection
Robbery138_x264,C:\Users\Jnapikachowdary\Downloads\Anomaly-Videos-Part-3\Anomaly-Videos-Part-3\Robbery\Robbery138_x264.mp4,train,1,Anomaly,UCF-Crime,robbery,binary_anomaly_detection
Robbery139_x264,C:\Users\Jnapikachowdary\Downloads\Anomaly-Videos-Part-3\Anomaly-Videos-Part-3\Robbery\Robbery139_x264.mp4,train,1,Anomaly,UCF-Crime,robbery,binary_anomaly_detection
Robbery140_x264,C:\Users\Jnapikachowdary\Downloads\Anomaly-Videos-Part-3\Anomaly-Videos-Part-3\Robbery\Robbery140_x264.mp4,train,1,Anomaly,UCF-Crime,robbery,binary_anomaly_detection
Robbery141_x264,C:\Users\Jnapikachowdary\Downloads\Anomaly-Videos-Part-3\Anomaly-Videos-Part-3\Robbery\Robbery141_x264.mp4,train,1,Anomaly,UCF-Crime,robbery,binary_anomaly_detection
Robbery142_x264,C:\Users\Jnapikachowdary\Downloads\Anomaly-Videos-Part-3\Anomaly-Videos-Part-3\Robbery\Robbery142_x264.mp4,train,1,Anomaly,UCF-Crime,robbery,binary_anomaly_detection
Robbery143_x264,C:\Users\Jnapikachowdary\Downloads\Anomaly-Videos-Part-3\Anomaly-Videos-Part-3\Robbery\Robbery143_x264.mp4,train,1,Anomaly,UCF-Crime,robbery,binary_anomaly_detection
Robbery144_x264,C:\Users\Jnapikachowdary\Downloads\Anomaly-Videos-Part-3\Anomaly-Videos-Part-3\Robbery\Robbery144_x264.mp4,train,1,Anomaly,UCF-Crime,robbery,binary_anomaly_detection
Robbery145_x264,C:\Users\Jnapikachowdary\Downloads\Anomaly-Videos-Part-3\Anomaly-Videos-Part-3\Robbery\Robbery145_x264.mp4,train,1,Anomaly,UCF-Crime,robbery,binary_anomaly_detection
Robbery146_x264,C:\Users\Jnapikachowdary\Downloads\Anomaly-Videos-Part-3\Anomaly-Videos-Part-3\Robbery\Robbery146_x264.mp4,train,1,Anomaly,UCF-Crime,robbery,binary_anomaly_detection
Robbery147_x264,C:\Users\Jnapikachowdary\Downloads\Anomaly-Videos-Part-3\Anomaly-Videos-Part-3\Robbery\Robbery147_x264.mp4,train,1,Anomaly,UCF-Crime,robbery,binary_anomaly_detection
Robbery148_x264,C:\Users\Jnapikachowdary\Downloads\Anomaly-Videos-Part-3\Anomaly-Videos-Part-3\Robbery\Robbery148_x264.mp4,train,1,Anomaly,UCF-Crime,robbery,binary_anomaly_detection
Robbery149_x264,C:\Users\Jnapikachowdary\Downloads\Anomaly-Videos-Part-3\Anomaly-Videos-Part-3\Robbery\Robbery149_x264.mp4,train,1,Anomaly,UCF-Crime,robbery,binary_anomaly_detection
Robbery150_x264,C:\Users\Jnapikachowdary\Downloads\Anomaly-Videos-Part-3\Anomaly-Videos-Part-3\Robbery\Robbery150_x264.mp4,train,1,Anomaly,UCF-Crime,robbery,binary_anomaly_detection
Shooting001_x264,C:\Users\Jnapikachowdary\Downloads\Anomaly-Videos-Part-3\Anomaly-Videos-Part-3\Shooting\Shooting001_x264.mp4,train,1,Anomaly,UCF-Crime,shooting,binary_anomaly_detection
Shooting003_x264,C:\Users\Jnapikachowdary\Downloads\Anomaly-Videos-Part-3\Anomaly-Videos-Part-3\Shooting\Shooting003_x264.mp4,train,1,Anomaly,UCF-Crime,shooting,binary_anomaly_detection
Shooting005_x264,C:\Users\Jnapikachowdary\Downloads\Anomaly-Videos-Part-3\Anomaly-Videos-Part-3\Shooting\Shooting005_x264.mp4,train,1,Anomaly,UCF-Crime,shooting,binary_anomaly_detection
Shooting006_x264,C:\Users\Jnapikachowdary\Downloads\Anomaly-Videos-Part-3\Anomaly-Videos-Part-3\Shooting\Shooting006_x264.mp4,train,1,Anomaly,UCF-Crime,shooting,binary_anomaly_detection
Shooting009_x264,C:\Users\Jnapikachowdary\Downloads\Anomaly-Videos-Part-3\Anomaly-Videos-Part-3\Shooting\Shooting009_x264.mp4,train,1,Anomaly,UCF-Crime,shooting,binary_anomaly_detection
Shooting012_x264,C:\Users\Jnapikachowdary\Downloads\Anomaly-Videos-Part-3\Anomaly-Videos-Part-3\Shooting\Shooting012_x264.mp4,train,1,Anomaly,UCF-Crime,shooting,binary_anomaly_detection
Shooting014_x264,C:\Users\Jnapikachowdary\Downloads\Anomaly-Videos-Part-3\Anomaly-Videos-Part-3\Shooting\Shooting014_x264.mp4,train,1,Anomaly,UCF-Crime,shooting,binary_anomaly_detection
Shooting017_x264,C:\Users\Jnapikachowdary\Downloads\Anomaly-Videos-Part-3\Anomaly-Videos-Part-3\Shooting\Shooting017_x264.mp4,train,1,Anomaly,UCF-Crime,shooting,binary_anomaly_detection
Shooting020_x264,C:\Users\Jnapikachowdary\Downloads\Anomaly-Videos-Part-3\Anomaly-Videos-Part-3\Shooting\Shooting020_x264.mp4,train,1,Anomaly,UCF-Crime,shooting,binary_anomaly_detection
Shooting023_x264,C:\Users\Jnapikachowdary\Downloads\Anomaly-Videos-Part-3\Anomaly-Videos-Part-3\Shooting\Shooting023_x264.mp4,train,1,Anomaly,UCF-Crime,shooting,binary_anomaly_detection
Shooting025_x264,C:\Users\Jnapikachowdary\Downloads\Anomaly-Videos-Part-3\Anomaly-Videos-Part-3\Shooting\Shooting025_x264.mp4,train,1,Anomaly,UCF-Crime,shooting,binary_anomaly_detection
Shooting027_x264,C:\Users\Jnapikachowdary\Downloads\Anomaly-Videos-Part-3\Anomaly-Videos-Part-3\Shooting\Shooting027_x264.mp4,train,1,Anomaly,UCF-Crime,shooting,binary_anomaly_detection
Shooting029_x264,C:\Users\Jnapikachowdary\Downloads\Anomaly-Videos-Part-3\Anomaly-Videos-Part-3\Shooting\Shooting029_x264.mp4,train,1,Anomaly,UCF-Crime,shooting,binary_anomaly_detection
Shooting030_x264,C:\Users\Jnapikachowdary\Downloads\Anomaly-Videos-Part-3\Anomaly-Videos-Part-3\Shooting\Shooting030_x264.mp4,train,1,Anomaly,UCF-Crime,shooting,binary_anomaly_detection
Shooting031_x264,C:\Users\Jnapikachowdary\Downloads\Anomaly-Videos-Part-3\Anomaly-Videos-Part-3\Shooting\Shooting031_x264.mp4,train,1,Anomaly,UCF-Crime,shooting,binary_anomaly_detection
Shooting036_x264,C:\Users\Jnapikachowdary\Downloads\Anomaly-Videos-Part-3\Anomaly-Videos-Part-3\Shooting\Shooting036_x264.mp4,train,1,Anomaly,UCF-Crime,shooting,binary_anomaly_detection
Shooting038_x264,C:\Users\Jnapikachowdary\Downloads\Anomaly-Videos-Part-3\Anomaly-Videos-Part-3\Shooting\Shooting038_x264.mp4,train,1,Anomaly,UCF-Crime,shooting,binary_anomaly_detection
Shooting039_x264,C:\Users\Jnapikachowdary\Downloads\Anomaly-Videos-Part-3\Anomaly-Videos-Part-3\Shooting\Shooting039_x264.mp4,train,1,Anomaly,UCF-Crime,shooting,binary_anomaly_detection
Shooting040_x264,C:\Users\Jnapikachowdary\Downloads\Anomaly-Videos-Part-3\Anomaly-Videos-Part-3\Shooting\Shooting040_x264.mp4,train,1,Anomaly,UCF-Crime,shooting,binary_anomaly_detection
Shooting041_x264,C:\Users\Jnapikachowdary\Downloads\Anomaly-Videos-Part-3\Anomaly-Videos-Part-3\Shooting\Shooting041_x264.mp4,train,1,Anomaly,UCF-Crime,shooting,binary_anomaly_detection
Shooting042_x264,C:\Users\Jnapikachowdary\Downloads\Anomaly-Videos-Part-3\Anomaly-Videos-Part-3\Shooting\Shooting042_x264.mp4,train,1,Anomaly,UCF-Crime,shooting,binary_anomaly_detection
Shooting044_x264,C:\Users\Jnapikachowdary\Downloads\Anomaly-Videos-Part-3\Anomaly-Videos-Part-3\Shooting\Shooting044_x264.mp4,train,1,Anomaly,UCF-Crime,shooting,binary_anomaly_detection
Shooting050_x264,C:\Users\Jnapikachowdary\Downloads\Anomaly-Videos-Part-3\Anomaly-Videos-Part-3\Shooting\Shooting050_x264.mp4,train,1,Anomaly,UCF-Crime,shooting,binary_anomaly_detection
Shooting051_x264,C:\Users\Jnapikachowdary\Downloads\Anomaly-Videos-Part-3\Anomaly-Videos-Part-3\Shooting\Shooting051_x264.mp4,train,1,Anomaly,UCF-Crime,shooting,binary_anomaly_detection
Shooting052_x264,C:\Users\Jnapikachowdary\Downloads\Anomaly-Videos-Part-3\Anomaly-Videos-Part-3\Shooting\Shooting052_x264.mp4,train,1,Anomaly,UCF-Crime,shooting,binary_anomaly_detection
Shooting053_x264,C:\Users\Jnapikachowdary\Downloads\Anomaly-Videos-Part-3\Anomaly-Videos-Part-3\Shooting\Shooting053_x264.mp4,train,1,Anomaly,UCF-Crime,shooting,binary_anomaly_detection
Shooting054_x264,C:\Users\Jnapikachowdary\Downloads\Anomaly-Videos-Part-3\Anomaly-Videos-Part-3\Shooting\Shooting054_x264.mp4,train,1,Anomaly,UCF-Crime,shooting,binary_anomaly_detection
Abuse028_x264,C:\Users\Jnapikachowdary\Downloads\Anomaly-Videos-Part-1\Anomaly-Videos-Part-1\Abuse\Abuse028_x264.mp4,test,1,Anomaly,UCF-Crime,abuse,binary_anomaly_detection
Abuse030_x264,C:\Users\Jnapikachowdary\Downloads\Anomaly-Videos-Part-1\Anomaly-Videos-Part-1\Abuse\Abuse030_x264.mp4,test,1,Anomaly,UCF-Crime,abuse,binary_anomaly_detection
Arrest001_x264,C:\Users\Jnapikachowdary\Downloads\Anomaly-Videos-Part-1\Anomaly-Videos-Part-1\Arrest\Arrest001_x264.mp4,test,1,Anomaly,UCF-Crime,arrest,binary_anomaly_detection
Arrest007_x264,C:\Users\Jnapikachowdary\Downloads\Anomaly-Videos-Part-1\Anomaly-Videos-Part-1\Arrest\Arrest007_x264.mp4,test,1,Anomaly,UCF-Crime,arrest,binary_anomaly_detection
Arrest024_x264,C:\Users\Jnapikachowdary\Downloads\Anomaly-Videos-Part-1\Anomaly-Videos-Part-1\Arrest\Arrest024_x264.mp4,test,1,Anomaly,UCF-Crime,arrest,binary_anomaly_detection
Arrest030_x264,C:\Users\Jnapikachowdary\Downloads\Anomaly-Videos-Part-1\Anomaly-Videos-Part-1\Arrest\Arrest030_x264.mp4,test,1,Anomaly,UCF-Crime,arrest,binary_anomaly_detection
Arrest039_x264,C:\Users\Jnapikachowdary\Downloads\Anomaly-Videos-Part-1\Anomaly-Videos-Part-1\Arrest\Arrest039_x264.mp4,test,1,Anomaly,UCF-Crime,arrest,binary_anomaly_detection
Arson007_x264,C:\Users\Jnapikachowdary\Downloads\Anomaly-Videos-Part-1\Anomaly-Videos-Part-1\Arson\Arson007_x264.mp4,test,1,Anomaly,UCF-Crime,arson,binary_anomaly_detection
Arson009_x264,C:\Users\Jnapikachowdary\Downloads\Anomaly-Videos-Part-1\Anomaly-Videos-Part-1\Arson\Arson009_x264.mp4,test,1,Anomaly,UCF-Crime,arson,binary_anomaly_detection
Arson010_x264,C:\Users\Jnapikachowdary\Downloads\Anomaly-Videos-Part-1\Anomaly-Videos-Part-1\Arson\Arson010_x264.mp4,test,1,Anomaly,UCF-Crime,arson,binary_anomaly_detection
Arson011_x264,C:\Users\Jnapikachowdary\Downloads\Anomaly-Videos-Part-1\Anomaly-Videos-Part-1\Arson\Arson011_x264.mp4,test,1,Anomaly,UCF-Crime,arson,binary_anomaly_detection
Arson016_x264,C:\Users\Jnapikachowdary\Downloads\Anomaly-Videos-Part-1\Anomaly-Videos-Part-1\Arson\Arson016_x264.mp4,test,1,Anomaly,UCF-Crime,arson,binary_anomaly_detection
Arson018_x264,C:\Users\Jnapikachowdary\Downloads\Anomaly-Videos-Part-1\Anomaly-Videos-Part-1\Arson\Arson018_x264.mp4,test,1,Anomaly,UCF-Crime,arson,binary_anomaly_detection
Arson022_x264,C:\Users\Jnapikachowdary\Downloads\Anomaly-Videos-Part-1\Anomaly-Videos-Part-1\Arson\Arson022_x264.mp4,test,1,Anomaly,UCF-Crime,arson,binary_anomaly_detection
Arson035_x264,C:\Users\Jnapikachowdary\Downloads\Anomaly-Videos-Part-1\Anomaly-Videos-Part-1\Arson\Arson035_x264.mp4,test,1,Anomaly,UCF-Crime,arson,binary_anomaly_detection
Arson041_x264,C:\Users\Jnapikachowdary\Downloads\Anomaly-Videos-Part-1\Anomaly-Videos-Part-1\Arson\Arson041_x264.mp4,test,1,Anomaly,UCF-Crime,arson,binary_anomaly_detection
Assault006_x264,C:\Users\Jnapikachowdary\Downloads\Anomaly-Videos-Part-1\Anomaly-Videos-Part-1\Assault\Assault006_x264.mp4,test,1,Anomaly,UCF-Crime,assault,binary_anomaly_detection
Assault010_x264,C:\Users\Jnapikachowdary\Downloads\Anomaly-Videos-Part-1\Anomaly-Videos-Part-1\Assault\Assault010_x264.mp4,test,1,Anomaly,UCF-Crime,assault,binary_anomaly_detection
Assault011_x264,C:\Users\Jnapikachowdary\Downloads\Anomaly-Videos-Part-1\Anomaly-Videos-Part-1\Assault\Assault011_x264.mp4,test,1,Anomaly,UCF-Crime,assault,binary_anomaly_detection
Burglary005_x264,C:\Users\Jnapikachowdary\Downloads\Anomaly-Videos-Part-2\Anomaly-Videos-Part-2\Burglary\Burglary005_x264.mp4,test,1,Anomaly,UCF-Crime,burglary,binary_anomaly_detection
Burglary017_x264,C:\Users\Jnapikachowdary\Downloads\Anomaly-Videos-Part-2\Anomaly-Videos-Part-2\Burglary\Burglary017_x264.mp4,test,1,Anomaly,UCF-Crime,burglary,binary_anomaly_detection
Burglary018_x264,C:\Users\Jnapikachowdary\Downloads\Anomaly-Videos-Part-2\Anomaly-Videos-Part-2\Burglary\Burglary018_x264.mp4,test,1,Anomaly,UCF-Crime,burglary,binary_anomaly_detection
Burglary021_x264,C:\Users\Jnapikachowdary\Downloads\Anomaly-Videos-Part-2\Anomaly-Videos-Part-2\Burglary\Burglary021_x264.mp4,test,1,Anomaly,UCF-Crime,burglary,binary_anomaly_detection
Burglary024_x264,C:\Users\Jnapikachowdary\Downloads\Anomaly-Videos-Part-2\Anomaly-Videos-Part-2\Burglary\Burglary024_x264.mp4,test,1,Anomaly,UCF-Crime,burglary,binary_anomaly_detection
Burglary032_x264,C:\Users\Jnapikachowdary\Downloads\Anomaly-Videos-Part-2\Anomaly-Videos-Part-2\Burglary\Burglary032_x264.mp4,test,1,Anomaly,UCF-Crime,burglary,binary_anomaly_detection
Burglary033_x264,C:\Users\Jnapikachowdary\Downloads\Anomaly-Videos-Part-2\Anomaly-Videos-Part-2\Burglary\Burglary033_x264.mp4,test,1,Anomaly,UCF-Crime,burglary,binary_anomaly_detection
Burglary035_x264,C:\Users\Jnapikachowdary\Downloads\Anomaly-Videos-Part-2\Anomaly-Videos-Part-2\Burglary\Burglary035_x264.mp4,test,1,Anomaly,UCF-Crime,burglary,binary_anomaly_detection
Burglary037_x264,C:\Users\Jnapikachowdary\Downloads\Anomaly-Videos-Part-2\Anomaly-Videos-Part-2\Burglary\Burglary037_x264.mp4,test,1,Anomaly,UCF-Crime,burglary,binary_anomaly_detection
Burglary061_x264,C:\Users\Jnapikachowdary\Downloads\Anomaly-Videos-Part-2\Anomaly-Videos-Part-2\Burglary\Burglary061_x264.mp4,test,1,Anomaly,UCF-Crime,burglary,binary_anomaly_detection
Burglary076_x264,C:\Users\Jnapikachowdary\Downloads\Anomaly-Videos-Part-2\Anomaly-Videos-Part-2\Burglary\Burglary076_x264.mp4,test,1,Anomaly,UCF-Crime,burglary,binary_anomaly_detection
Burglary079_x264,C:\Users\Jnapikachowdary\Downloads\Anomaly-Videos-Part-2\Anomaly-Videos-Part-2\Burglary\Burglary079_x264.mp4,test,1,Anomaly,UCF-Crime,burglary,binary_anomaly_detection
Burglary092_x264,C:\Users\Jnapikachowdary\Downloads\Anomaly-Videos-Part-2\Anomaly-Videos-Part-2\Burglary\Burglary092_x264.mp4,test,1,Anomaly,UCF-Crime,burglary,binary_anomaly_detection
Explosion002_x264,C:\Users\Jnapikachowdary\Downloads\Anomaly-Videos-Part-2\Anomaly-Videos-Part-2\Explosion\Explosion002_x264.mp4,test,1,Anomaly,UCF-Crime,explosion,binary_anomaly_detection
Explosion004_x264,C:\Users\Jnapikachowdary\Downloads\Anomaly-Videos-Part-2\Anomaly-Videos-Part-2\Explosion\Explosion004_x264.mp4,test,1,Anomaly,UCF-Crime,explosion,binary_anomaly_detection
Explosion007_x264,C:\Users\Jnapikachowdary\Downloads\Anomaly-Videos-Part-2\Anomaly-Videos-Part-2\Explosion\Explosion007_x264.mp4,test,1,Anomaly,UCF-Crime,explosion,binary_anomaly_detection
Explosion008_x264,C:\Users\Jnapikachowdary\Downloads\Anomaly-Videos-Part-2\Anomaly-Videos-Part-2\Explosion\Explosion008_x264.mp4,test,1,Anomaly,UCF-Crime,explosion,binary_anomaly_detection
Explosion010_x264,C:\Users\Jnapikachowdary\Downloads\Anomaly-Videos-Part-2\Anomaly-Videos-Part-2\Explosion\Explosion010_x264.mp4,test,1,Anomaly,UCF-Crime,explosion,binary_anomaly_detection
Explosion011_x264,C:\Users\Jnapikachowdary\Downloads\Anomaly-Videos-Part-2\Anomaly-Videos-Part-2\Explosion\Explosion011_x264.mp4,test,1,Anomaly,UCF-Crime,explosion,binary_anomaly_detection
Explosion013_x264,C:\Users\Jnapikachowdary\Downloads\Anomaly-Videos-Part-2\Anomaly-Videos-Part-2\Explosion\Explosion013_x264.mp4,test,1,Anomaly,UCF-Crime,explosion,binary_anomaly_detection
Explosion016_x264,C:\Users\Jnapikachowdary\Downloads\Anomaly-Videos-Part-2\Anomaly-Videos-Part-2\Explosion\Explosion016_x264.mp4,test,1,Anomaly,UCF-Crime,explosion,binary_anomaly_detection
Explosion017_x264,C:\Users\Jnapikachowdary\Downloads\Anomaly-Videos-Part-2\Anomaly-Videos-Part-2\Explosion\Explosion017_x264.mp4,test,1,Anomaly,UCF-Crime,explosion,binary_anomaly_detection
Explosion020_x264,C:\Users\Jnapikachowdary\Downloads\Anomaly-Videos-Part-2\Anomaly-Videos-Part-2\Explosion\Explosion020_x264.mp4,test,1,Anomaly,UCF-Crime,explosion,binary_anomaly_detection
Explosion021_x264,C:\Users\Jnapikachowdary\Downloads\Anomaly-Videos-Part-2\Anomaly-Videos-Part-2\Explosion\Explosion021_x264.mp4,test,1,Anomaly,UCF-Crime,explosion,binary_anomaly_detection
Explosion022_x264,C:\Users\Jnapikachowdary\Downloads\Anomaly-Videos-Part-2\Anomaly-Videos-Part-2\Explosion\Explosion022_x264.mp4,test,1,Anomaly,UCF-Crime,explosion,binary_anomaly_detection
Explosion025_x264,C:\Users\Jnapikachowdary\Downloads\Anomaly-Videos-Part-2\Anomaly-Videos-Part-2\Explosion\Explosion025_x264.mp4,test,1,Anomaly,UCF-Crime,explosion,binary_anomaly_detection
Explosion027_x264,C:\Users\Jnapikachowdary\Downloads\Anomaly-Videos-Part-2\Anomaly-Videos-Part-2\Explosion\Explosion027_x264.mp4,test,1,Anomaly,UCF-Crime,explosion,binary_anomaly_detection
Explosion028_x264,C:\Users\Jnapikachowdary\Downloads\Anomaly-Videos-Part-2\Anomaly-Videos-Part-2\Explosion\Explosion028_x264.mp4,test,1,Anomaly,UCF-Crime,explosion,binary_anomaly_detection
Explosion029_x264,C:\Users\Jnapikachowdary\Downloads\Anomaly-Videos-Part-2\Anomaly-Videos-Part-2\Explosion\Explosion029_x264.mp4,test,1,Anomaly,UCF-Crime,explosion,binary_anomaly_detection
Explosion033_x264,C:\Users\Jnapikachowdary\Downloads\Anomaly-Videos-Part-2\Anomaly-Videos-Part-2\Explosion\Explosion033_x264.mp4,test,1,Anomaly,UCF-Crime,explosion,binary_anomaly_detection
Explosion035_x264,C:\Users\Jnapikachowdary\Downloads\Anomaly-Videos-Part-2\Anomaly-Videos-Part-2\Explosion\Explosion035_x264.mp4,test,1,Anomaly,UCF-Crime,explosion,binary_anomaly_detection
Explosion036_x264,C:\Users\Jnapikachowdary\Downloads\Anomaly-Videos-Part-2\Anomaly-Videos-Part-2\Explosion\Explosion036_x264.mp4,test,1,Anomaly,UCF-Crime,explosion,binary_anomaly_detection
Explosion039_x264,C:\Users\Jnapikachowdary\Downloads\Anomaly-Videos-Part-2\Anomaly-Videos-Part-2\Explosion\Explosion039_x264.mp4,test,1,Anomaly,UCF-Crime,explosion,binary_anomaly_detection
Explosion043_x264,C:\Users\Jnapikachowdary\Downloads\Anomaly-Videos-Part-2\Anomaly-Videos-Part-2\Explosion\Explosion043_x264.mp4,test,1,Anomaly,UCF-Crime,explosion,binary_anomaly_detection
Fighting003_x264,C:\Users\Jnapikachowdary\Downloads\Anomaly-Videos-Part-2\Anomaly-Videos-Part-2\Fighting\Fighting003_x264.mp4,test,1,Anomaly,UCF-Crime,fighting,binary_anomaly_detection
Fighting018_x264,C:\Users\Jnapikachowdary\Downloads\Anomaly-Videos-Part-2\Anomaly-Videos-Part-2\Fighting\Fighting018_x264.mp4,test,1,Anomaly,UCF-Crime,fighting,binary_anomaly_detection
Fighting033_x264,C:\Users\Jnapikachowdary\Downloads\Anomaly-Videos-Part-2\Anomaly-Videos-Part-2\Fighting\Fighting033_x264.mp4,test,1,Anomaly,UCF-Crime,fighting,binary_anomaly_detection
Fighting042_x264,C:\Users\Jnapikachowdary\Downloads\Anomaly-Videos-Part-2\Anomaly-Videos-Part-2\Fighting\Fighting042_x264.mp4,test,1,Anomaly,UCF-Crime,fighting,binary_anomaly_detection
Fighting047_x264,C:\Users\Jnapikachowdary\Downloads\Anomaly-Videos-Part-2\Anomaly-Videos-Part-2\Fighting\Fighting047_x264.mp4,test,1,Anomaly,UCF-Crime,fighting,binary_anomaly_detection
RoadAccidents001_x264,C:\Users\Jnapikachowdary\Downloads\Anomaly-Videos-Part-3\Anomaly-Videos-Part-3\RoadAccidents\RoadAccidents001_x264.mp4,test,1,Anomaly,UCF-Crime,roadaccidents,binary_anomaly_detection
RoadAccidents002_x264,C:\Users\Jnapikachowdary\Downloads\Anomaly-Videos-Part-3\Anomaly-Videos-Part-3\RoadAccidents\RoadAccidents002_x264.mp4,test,1,Anomaly,UCF-Crime,roadaccidents,binary_anomaly_detection
RoadAccidents004_x264,C:\Users\Jnapikachowdary\Downloads\Anomaly-Videos-Part-3\Anomaly-Videos-Part-3\RoadAccidents\RoadAccidents004_x264.mp4,test,1,Anomaly,UCF-Crime,roadaccidents,binary_anomaly_detection
RoadAccidents009_x264,C:\Users\Jnapikachowdary\Downloads\Anomaly-Videos-Part-3\Anomaly-Videos-Part-3\RoadAccidents\RoadAccidents009_x264.mp4,test,1,Anomaly,UCF-Crime,roadaccidents,binary_anomaly_detection
RoadAccidents010_x264,C:\Users\Jnapikachowdary\Downloads\Anomaly-Videos-Part-3\Anomaly-Videos-Part-3\RoadAccidents\RoadAccidents010_x264.mp4,test,1,Anomaly,UCF-Crime,roadaccidents,binary_anomaly_detection
RoadAccidents011_x264,C:\Users\Jnapikachowdary\Downloads\Anomaly-Videos-Part-3\Anomaly-Videos-Part-3\RoadAccidents\RoadAccidents011_x264.mp4,test,1,Anomaly,UCF-Crime,roadaccidents,binary_anomaly_detection
RoadAccidents012_x264,C:\Users\Jnapikachowdary\Downloads\Anomaly-Videos-Part-3\Anomaly-Videos-Part-3\RoadAccidents\RoadAccidents012_x264.mp4,test,1,Anomaly,UCF-Crime,roadaccidents,binary_anomaly_detection
RoadAccidents016_x264,C:\Users\Jnapikachowdary\Downloads\Anomaly-Videos-Part-3\Anomaly-Videos-Part-3\RoadAccidents\RoadAccidents016_x264.mp4,test,1,Anomaly,UCF-Crime,roadaccidents,binary_anomaly_detection
RoadAccidents017_x264,C:\Users\Jnapikachowdary\Downloads\Anomaly-Videos-Part-3\Anomaly-Videos-Part-3\RoadAccidents\RoadAccidents017_x264.mp4,test,1,Anomaly,UCF-Crime,roadaccidents,binary_anomaly_detection
RoadAccidents019_x264,C:\Users\Jnapikachowdary\Downloads\Anomaly-Videos-Part-3\Anomaly-Videos-Part-3\RoadAccidents\RoadAccidents019_x264.mp4,test,1,Anomaly,UCF-Crime,roadaccidents,binary_anomaly_detection
RoadAccidents020_x264,C:\Users\Jnapikachowdary\Downloads\Anomaly-Videos-Part-3\Anomaly-Videos-Part-3\RoadAccidents\RoadAccidents020_x264.mp4,test,1,Anomaly,UCF-Crime,roadaccidents,binary_anomaly_detection
RoadAccidents021_x264,C:\Users\Jnapikachowdary\Downloads\Anomaly-Videos-Part-3\Anomaly-Videos-Part-3\RoadAccidents\RoadAccidents021_x264.mp4,test,1,Anomaly,UCF-Crime,roadaccidents,binary_anomaly_detection
RoadAccidents022_x264,C:\Users\Jnapikachowdary\Downloads\Anomaly-Videos-Part-3\Anomaly-Videos-Part-3\RoadAccidents\RoadAccidents022_x264.mp4,test,1,Anomaly,UCF-Crime,roadaccidents,binary_anomaly_detection
RoadAccidents121_x264,C:\Users\Jnapikachowdary\Downloads\Anomaly-Videos-Part-3\Anomaly-Videos-Part-3\RoadAccidents\RoadAccidents121_x264.mp4,test,1,Anomaly,UCF-Crime,roadaccidents,binary_anomaly_detection
RoadAccidents122_x264,C:\Users\Jnapikachowdary\Downloads\Anomaly-Videos-Part-3\Anomaly-Videos-Part-3\RoadAccidents\RoadAccidents122_x264.mp4,test,1,Anomaly,UCF-Crime,roadaccidents,binary_anomaly_detection
RoadAccidents123_x264,C:\Users\Jnapikachowdary\Downloads\Anomaly-Videos-Part-3\Anomaly-Videos-Part-3\RoadAccidents\RoadAccidents123_x264.mp4,test,1,Anomaly,UCF-Crime,roadaccidents,binary_anomaly_detection
RoadAccidents124_x264,C:\Users\Jnapikachowdary\Downloads\Anomaly-Videos-Part-3\Anomaly-Videos-Part-3\RoadAccidents\RoadAccidents124_x264.mp4,test,1,Anomaly,UCF-Crime,roadaccidents,binary_anomaly_detection
RoadAccidents125_x264,C:\Users\Jnapikachowdary\Downloads\Anomaly-Videos-Part-3\Anomaly-Videos-Part-3\RoadAccidents\RoadAccidents125_x264.mp4,test,1,Anomaly,UCF-Crime,roadaccidents,binary_anomaly_detection
RoadAccidents127_x264,C:\Users\Jnapikachowdary\Downloads\Anomaly-Videos-Part-3\Anomaly-Videos-Part-3\RoadAccidents\RoadAccidents127_x264.mp4,test,1,Anomaly,UCF-Crime,roadaccidents,binary_anomaly_detection
RoadAccidents128_x264,C:\Users\Jnapikachowdary\Downloads\Anomaly-Videos-Part-3\Anomaly-Videos-Part-3\RoadAccidents\RoadAccidents128_x264.mp4,test,1,Anomaly,UCF-Crime,roadaccidents,binary_anomaly_detection
RoadAccidents131_x264,C:\Users\Jnapikachowdary\Downloads\Anomaly-Videos-Part-3\Anomaly-Videos-Part-3\RoadAccidents\RoadAccidents131_x264.mp4,test,1,Anomaly,UCF-Crime,roadaccidents,binary_anomaly_detection
RoadAccidents132_x264,C:\Users\Jnapikachowdary\Downloads\Anomaly-Videos-Part-3\Anomaly-Videos-Part-3\RoadAccidents\RoadAccidents132_x264.mp4,test,1,Anomaly,UCF-Crime,roadaccidents,binary_anomaly_detection
RoadAccidents133_x264,C:\Users\Jnapikachowdary\Downloads\Anomaly-Videos-Part-3\Anomaly-Videos-Part-3\RoadAccidents\RoadAccidents133_x264.mp4,test,1,Anomaly,UCF-Crime,roadaccidents,binary_anomaly_detection
Robbery048_x264,C:\Users\Jnapikachowdary\Downloads\Anomaly-Videos-Part-3\Anomaly-Videos-Part-3\Robbery\Robbery048_x264.mp4,test,1,Anomaly,UCF-Crime,robbery,binary_anomaly_detection
Robbery050_x264,C:\Users\Jnapikachowdary\Downloads\Anomaly-Videos-Part-3\Anomaly-Videos-Part-3\Robbery\Robbery050_x264.mp4,test,1,Anomaly,UCF-Crime,robbery,binary_anomaly_detection
Robbery102_x264,C:\Users\Jnapikachowdary\Downloads\Anomaly-Videos-Part-3\Anomaly-Videos-Part-3\Robbery\Robbery102_x264.mp4,test,1,Anomaly,UCF-Crime,robbery,binary_anomaly_detection
Robbery106_x264,C:\Users\Jnapikachowdary\Downloads\Anomaly-Videos-Part-3\Anomaly-Videos-Part-3\Robbery\Robbery106_x264.mp4,test,1,Anomaly,UCF-Crime,robbery,binary_anomaly_detection
Robbery137_x264,C:\Users\Jnapikachowdary\Downloads\Anomaly-Videos-Part-3\Anomaly-Videos-Part-3\Robbery\Robbery137_x264.mp4,test,1,Anomaly,UCF-Crime,robbery,binary_anomaly_detection
Shooting002_x264,C:\Users\Jnapikachowdary\Downloads\Anomaly-Videos-Part-3\Anomaly-Videos-Part-3\Shooting\Shooting002_x264.mp4,test,1,Anomaly,UCF-Crime,shooting,binary_anomaly_detection
Shooting004_x264,C:\Users\Jnapikachowdary\Downloads\Anomaly-Videos-Part-3\Anomaly-Videos-Part-3\Shooting\Shooting004_x264.mp4,test,1,Anomaly,UCF-Crime,shooting,binary_anomaly_detection
Shooting007_x264,C:\Users\Jnapikachowdary\Downloads\Anomaly-Videos-Part-3\Anomaly-Videos-Part-3\Shooting\Shooting007_x264.mp4,test,1,Anomaly,UCF-Crime,shooting,binary_anomaly_detection
Shooting008_x264,C:\Users\Jnapikachowdary\Downloads\Anomaly-Videos-Part-3\Anomaly-Videos-Part-3\Shooting\Shooting008_x264.mp4,test,1,Anomaly,UCF-Crime,shooting,binary_anomaly_detection
Shooting010_x264,C:\Users\Jnapikachowdary\Downloads\Anomaly-Videos-Part-3\Anomaly-Videos-Part-3\Shooting\Shooting010_x264.mp4,test,1,Anomaly,UCF-Crime,shooting,binary_anomaly_detection
Shooting011_x264,C:\Users\Jnapikachowdary\Downloads\Anomaly-Videos-Part-3\Anomaly-Videos-Part-3\Shooting\Shooting011_x264.mp4,test,1,Anomaly,UCF-Crime,shooting,binary_anomaly_detection
Shooting013_x264,C:\Users\Jnapikachowdary\Downloads\Anomaly-Videos-Part-3\Anomaly-Videos-Part-3\Shooting\Shooting013_x264.mp4,test,1,Anomaly,UCF-Crime,shooting,binary_anomaly_detection
Shooting015_x264,C:\Users\Jnapikachowdary\Downloads\Anomaly-Videos-Part-3\Anomaly-Videos-Part-3\Shooting\Shooting015_x264.mp4,test,1,Anomaly,UCF-Crime,shooting,binary_anomaly_detection
Shooting018_x264,C:\Users\Jnapikachowdary\Downloads\Anomaly-Videos-Part-3\Anomaly-Videos-Part-3\Shooting\Shooting018_x264.mp4,test,1,Anomaly,UCF-Crime,shooting,binary_anomaly_detection
Shooting019_x264,C:\Users\Jnapikachowdary\Downloads\Anomaly-Videos-Part-3\Anomaly-Videos-Part-3\Shooting\Shooting019_x264.mp4,test,1,Anomaly,UCF-Crime,shooting,binary_anomaly_detection
Shooting021_x264,C:\Users\Jnapikachowdary\Downloads\Anomaly-Videos-Part-3\Anomaly-Videos-Part-3\Shooting\Shooting021_x264.mp4,test,1,Anomaly,UCF-Crime,shooting,binary_anomaly_detection
Shooting022_x264,C:\Users\Jnapikachowdary\Downloads\Anomaly-Videos-Part-3\Anomaly-Videos-Part-3\Shooting\Shooting022_x264.mp4,test,1,Anomaly,UCF-Crime,shooting,binary_anomaly_detection
Shooting024_x264,C:\Users\Jnapikachowdary\Downloads\Anomaly-Videos-Part-3\Anomaly-Videos-Part-3\Shooting\Shooting024_x264.mp4,test,1,Anomaly,UCF-Crime,shooting,binary_anomaly_detection
Shooting026_x264,C:\Users\Jnapikachowdary\Downloads\Anomaly-Videos-Part-3\Anomaly-Videos-Part-3\Shooting\Shooting026_x264.mp4,test,1,Anomaly,UCF-Crime,shooting,binary_anomaly_detection
Shooting028_x264,C:\Users\Jnapikachowdary\Downloads\Anomaly-Videos-Part-3\Anomaly-Videos-Part-3\Shooting\Shooting028_x264.mp4,test,1,Anomaly,UCF-Crime,shooting,binary_anomaly_detection
Shooting032_x264,C:\Users\Jnapikachowdary\Downloads\Anomaly-Videos-Part-3\Anomaly-Videos-Part-3\Shooting\Shooting032_x264.mp4,test,1,Anomaly,UCF-Crime,shooting,binary_anomaly_detection
Shooting033_x264,C:\Users\Jnapikachowdary\Downloads\Anomaly-Videos-Part-3\Anomaly-Videos-Part-3\Shooting\Shooting033_x264.mp4,test,1,Anomaly,UCF-Crime,shooting,binary_anomaly_detection
Shooting034_x264,C:\Users\Jnapikachowdary\Downloads\Anomaly-Videos-Part-3\Anomaly-Videos-Part-3\Shooting\Shooting034_x264.mp4,test,1,Anomaly,UCF-Crime,shooting,binary_anomaly_detection
Shooting037_x264,C:\Users\Jnapikachowdary\Downloads\Anomaly-Videos-Part-3\Anomaly-Videos-Part-3\Shooting\Shooting037_x264.mp4,test,1,Anomaly,UCF-Crime,shooting,binary_anomaly_detection
Shooting043_x264,C:\Users\Jnapikachowdary\Downloads\Anomaly-Videos-Part-3\Anomaly-Videos-Part-3\Shooting\Shooting043_x264.mp4,test,1,Anomaly,UCF-Crime,shooting,binary_anomaly_detection
Shooting046_x264,C:\Users\Jnapikachowdary\Downloads\Anomaly-Videos-Part-3\Anomaly-Videos-Part-3\Shooting\Shooting046_x264.mp4,test,1,Anomaly,UCF-Crime,shooting,binary_anomaly_detection
Shooting047_x264,C:\Users\Jnapikachowdary\Downloads\Anomaly-Videos-Part-3\Anomaly-Videos-Part-3\Shooting\Shooting047_x264.mp4,test,1,Anomaly,UCF-Crime,shooting,binary_anomaly_detection
Shooting048_x264,C:\Users\Jnapikachowdary\Downloads\Anomaly-Videos-Part-3\Anomaly-Videos-Part-3\Shooting\Shooting048_x264.mp4,test,1,Anomaly,UCF-Crime,shooting,binary_anomaly_detection
Normal_Videos_003_x264,C:\Users\Jnapikachowdary\Downloads\Testing_Normal_Videos\Testing_Normal_Videos_Anomaly\Normal_Videos_003_x264.mp4,test,0,Normal,UCF-Crime,Normal,binary_anomaly_detection
Normal_Videos_006_x264,C:\Users\Jnapikachowdary\Downloads\Testing_Normal_Videos\Testing_Normal_Videos_Anomaly\Normal_Videos_006_x264.mp4,test,0,Normal,UCF-Crime,Normal,binary_anomaly_detection
Normal_Videos_010_x264,C:\Users\Jnapikachowdary\Downloads\Testing_Normal_Videos\Testing_Normal_Videos_Anomaly\Normal_Videos_010_x264.mp4,test,0,Normal,UCF-Crime,Normal,binary_anomaly_detection
Normal_Videos_014_x264,C:\Users\Jnapikachowdary\Downloads\Testing_Normal_Videos\Testing_Normal_Videos_Anomaly\Normal_Videos_014_x264.mp4,test,0,Normal,UCF-Crime,Normal,binary_anomaly_detection
Normal_Videos_015_x264,C:\Users\Jnapikachowdary\Downloads\Testing_Normal_Videos\Testing_Normal_Videos_Anomaly\Normal_Videos_015_x264.mp4,test,0,Normal,UCF-Crime,Normal,binary_anomaly_detection
Normal_Videos_018_x264,C:\Users\Jnapikachowdary\Downloads\Testing_Normal_Videos\Testing_Normal_Videos_Anomaly\Normal_Videos_018_x264.mp4,test,0,Normal,UCF-Crime,Normal,binary_anomaly_detection
Normal_Videos_019_x264,C:\Users\Jnapikachowdary\Downloads\Testing_Normal_Videos\Testing_Normal_Videos_Anomaly\Normal_Videos_019_x264.mp4,test,0,Normal,UCF-Crime,Normal,binary_anomaly_detection
Normal_Videos_024_x264,C:\Users\Jnapikachowdary\Downloads\Testing_Normal_Videos\Testing_Normal_Videos_Anomaly\Normal_Videos_024_x264.mp4,test,0,Normal,UCF-Crime,Normal,binary_anomaly_detection
Normal_Videos_025_x264,C:\Users\Jnapikachowdary\Downloads\Testing_Normal_Videos\Testing_Normal_Videos_Anomaly\Normal_Videos_025_x264.mp4,test,0,Normal,UCF-Crime,Normal,binary_anomaly_detection
Normal_Videos_027_x264,C:\Users\Jnapikachowdary\Downloads\Testing_Normal_Videos\Testing_Normal_Videos_Anomaly\Normal_Videos_027_x264.mp4,test,0,Normal,UCF-Crime,Normal,binary_anomaly_detection
Normal_Videos_033_x264,C:\Users\Jnapikachowdary\Downloads\Testing_Normal_Videos\Testing_Normal_Videos_Anomaly\Normal_Videos_033_x264.mp4,test,0,Normal,UCF-Crime,Normal,binary_anomaly_detection
Normal_Videos_034_x264,C:\Users\Jnapikachowdary\Downloads\Testing_Normal_Videos\Testing_Normal_Videos_Anomaly\Normal_Videos_034_x264.mp4,test,0,Normal,UCF-Crime,Normal,binary_anomaly_detection
Normal_Videos_041_x264,C:\Users\Jnapikachowdary\Downloads\Testing_Normal_Videos\Testing_Normal_Videos_Anomaly\Normal_Videos_041_x264.mp4,test,0,Normal,UCF-Crime,Normal,binary_anomaly_detection
Normal_Videos_042_x264,C:\Users\Jnapikachowdary\Downloads\Testing_Normal_Videos\Testing_Normal_Videos_Anomaly\Normal_Videos_042_x264.mp4,test,0,Normal,UCF-Crime,Normal,binary_anomaly_detection
Normal_Videos_048_x264,C:\Users\Jnapikachowdary\Downloads\Testing_Normal_Videos\Testing_Normal_Videos_Anomaly\Normal_Videos_048_x264.mp4,test,0,Normal,UCF-Crime,Normal,binary_anomaly_detection
Normal_Videos_050_x264,C:\Users\Jnapikachowdary\Downloads\Testing_Normal_Videos\Testing_Normal_Videos_Anomaly\Normal_Videos_050_x264.mp4,test,0,Normal,UCF-Crime,Normal,binary_anomaly_detection
Normal_Videos_051_x264,C:\Users\Jnapikachowdary\Downloads\Testing_Normal_Videos\Testing_Normal_Videos_Anomaly\Normal_Videos_051_x264.mp4,test,0,Normal,UCF-Crime,Normal,binary_anomaly_detection
Normal_Videos_056_x264,C:\Users\Jnapikachowdary\Downloads\Testing_Normal_Videos\Testing_Normal_Videos_Anomaly\Normal_Videos_056_x264.mp4,test,0,Normal,UCF-Crime,Normal,binary_anomaly_detection
Normal_Videos_059_x264,C:\Users\Jnapikachowdary\Downloads\Testing_Normal_Videos\Testing_Normal_Videos_Anomaly\Normal_Videos_059_x264.mp4,test,0,Normal,UCF-Crime,Normal,binary_anomaly_detection
Normal_Videos_063_x264,C:\Users\Jnapikachowdary\Downloads\Testing_Normal_Videos\Testing_Normal_Videos_Anomaly\Normal_Videos_063_x264.mp4,test,0,Normal,UCF-Crime,Normal,binary_anomaly_detection
Normal_Videos_067_x264,C:\Users\Jnapikachowdary\Downloads\Testing_Normal_Videos\Testing_Normal_Videos_Anomaly\Normal_Videos_067_x264.mp4,test,0,Normal,UCF-Crime,Normal,binary_anomaly_detection
Normal_Videos_070_x264,C:\Users\Jnapikachowdary\Downloads\Testing_Normal_Videos\Testing_Normal_Videos_Anomaly\Normal_Videos_070_x264.mp4,test,0,Normal,UCF-Crime,Normal,binary_anomaly_detection
Normal_Videos_100_x264,C:\Users\Jnapikachowdary\Downloads\Testing_Normal_Videos\Testing_Normal_Videos_Anomaly\Normal_Videos_100_x264.mp4,test,0,Normal,UCF-Crime,Normal,binary_anomaly_detection
Normal_Videos_129_x264,C:\Users\Jnapikachowdary\Downloads\Testing_Normal_Videos\Testing_Normal_Videos_Anomaly\Normal_Videos_129_x264.mp4,test,0,Normal,UCF-Crime,Normal,binary_anomaly_detection
Normal_Videos_150_x264,C:\Users\Jnapikachowdary\Downloads\Testing_Normal_Videos\Testing_Normal_Videos_Anomaly\Normal_Videos_150_x264.mp4,test,0,Normal,UCF-Crime,Normal,binary_anomaly_detection
Normal_Videos_168_x264,C:\Users\Jnapikachowdary\Downloads\Testing_Normal_Videos\Testing_Normal_Videos_Anomaly\Normal_Videos_168_x264.mp4,test,0,Normal,UCF-Crime,Normal,binary_anomaly_detection
Normal_Videos_175_x264,C:\Users\Jnapikachowdary\Downloads\Testing_Normal_Videos\Testing_Normal_Videos_Anomaly\Normal_Videos_175_x264.mp4,test,0,Normal,UCF-Crime,Normal,binary_anomaly_detection
Normal_Videos_182_x264,C:\Users\Jnapikachowdary\Downloads\Testing_Normal_Videos\Testing_Normal_Videos_Anomaly\Normal_Videos_182_x264.mp4,test,0,Normal,UCF-Crime,Normal,binary_anomaly_detection
Normal_Videos_189_x264,C:\Users\Jnapikachowdary\Downloads\Testing_Normal_Videos\Testing_Normal_Videos_Anomaly\Normal_Videos_189_x264.mp4,test,0,Normal,UCF-Crime,Normal,binary_anomaly_detection
Normal_Videos_196_x264,C:\Users\Jnapikachowdary\Downloads\Testing_Normal_Videos\Testing_Normal_Videos_Anomaly\Normal_Videos_196_x264.mp4,test,0,Normal,UCF-Crime,Normal,binary_anomaly_detection
Normal_Videos_203_x264,C:\Users\Jnapikachowdary\Downloads\Testing_Normal_Videos\Testing_Normal_Videos_Anomaly\Normal_Videos_203_x264.mp4,test,0,Normal,UCF-Crime,Normal,binary_anomaly_detection
Normal_Videos_210_x264,C:\Users\Jnapikachowdary\Downloads\Testing_Normal_Videos\Testing_Normal_Videos_Anomaly\Normal_Videos_210_x264.mp4,test,0,Normal,UCF-Crime,Normal,binary_anomaly_detection
Normal_Videos_217_x264,C:\Users\Jnapikachowdary\Downloads\Testing_Normal_Videos\Testing_Normal_Videos_Anomaly\Normal_Videos_217_x264.mp4,test,0,Normal,UCF-Crime,Normal,binary_anomaly_detection
Normal_Videos_224_x264,C:\Users\Jnapikachowdary\Downloads\Testing_Normal_Videos\Testing_Normal_Videos_Anomaly\Normal_Videos_224_x264.mp4,test,0,Normal,UCF-Crime,Normal,binary_anomaly_detection
Normal_Videos_246_x264,C:\Users\Jnapikachowdary\Downloads\Testing_Normal_Videos\Testing_Normal_Videos_Anomaly\Normal_Videos_246_x264.mp4,test,0,Normal,UCF-Crime,Normal,binary_anomaly_detection
Normal_Videos_247_x264,C:\Users\Jnapikachowdary\Downloads\Testing_Normal_Videos\Testing_Normal_Videos_Anomaly\Normal_Videos_247_x264.mp4,test,0,Normal,UCF-Crime,Normal,binary_anomaly_detection
Normal_Videos_248_x264,C:\Users\Jnapikachowdary\Downloads\Testing_Normal_Videos\Testing_Normal_Videos_Anomaly\Normal_Videos_248_x264.mp4,test,0,Normal,UCF-Crime,Normal,binary_anomaly_detection
Normal_Videos_251_x264,C:\Users\Jnapikachowdary\Downloads\Testing_Normal_Videos\Testing_Normal_Videos_Anomaly\Normal_Videos_251_x264.mp4,test,0,Normal,UCF-Crime,Normal,binary_anomaly_detection
Normal_Videos_289_x264,C:\Users\Jnapikachowdary\Downloads\Testing_Normal_Videos\Testing_Normal_Videos_Anomaly\Normal_Videos_289_x264.mp4,test,0,Normal,UCF-Crime,Normal,binary_anomaly_detection
Normal_Videos_310_x264,C:\Users\Jnapikachowdary\Downloads\Testing_Normal_Videos\Testing_Normal_Videos_Anomaly\Normal_Videos_310_x264.mp4,test,0,Normal,UCF-Crime,Normal,binary_anomaly_detection
Normal_Videos_312_x264,C:\Users\Jnapikachowdary\Downloads\Testing_Normal_Videos\Testing_Normal_Videos_Anomaly\Normal_Videos_312_x264.mp4,test,0,Normal,UCF-Crime,Normal,binary_anomaly_detection
Normal_Videos_317_x264,C:\Users\Jnapikachowdary\Downloads\Testing_Normal_Videos\Testing_Normal_Videos_Anomaly\Normal_Videos_317_x264.mp4,test,0,Normal,UCF-Crime,Normal,binary_anomaly_detection
Normal_Videos_345_x264,C:\Users\Jnapikachowdary\Downloads\Testing_Normal_Videos\Testing_Normal_Videos_Anomaly\Normal_Videos_345_x264.mp4,test,0,Normal,UCF-Crime,Normal,binary_anomaly_detection
Normal_Videos_352_x264,C:\Users\Jnapikachowdary\Downloads\Testing_Normal_Videos\Testing_Normal_Videos_Anomaly\Normal_Videos_352_x264.mp4,test,0,Normal,UCF-Crime,Normal,binary_anomaly_detection
Normal_Videos_360_x264,C:\Users\Jnapikachowdary\Downloads\Testing_Normal_Videos\Testing_Normal_Videos_Anomaly\Normal_Videos_360_x264.mp4,test,0,Normal,UCF-Crime,Normal,binary_anomaly_detection
Normal_Videos_365_x264,C:\Users\Jnapikachowdary\Downloads\Testing_Normal_Videos\Testing_Normal_Videos_Anomaly\Normal_Videos_365_x264.mp4,test,0,Normal,UCF-Crime,Normal,binary_anomaly_detection
Normal_Videos_401_x264,C:\Users\Jnapikachowdary\Downloads\Testing_Normal_Videos\Testing_Normal_Videos_Anomaly\Normal_Videos_401_x264.mp4,test,0,Normal,UCF-Crime,Normal,binary_anomaly_detection
Normal_Videos_417_x264,C:\Users\Jnapikachowdary\Downloads\Testing_Normal_Videos\Testing_Normal_Videos_Anomaly\Normal_Videos_417_x264.mp4,test,0,Normal,UCF-Crime,Normal,binary_anomaly_detection
Normal_Videos_439_x264,C:\Users\Jnapikachowdary\Downloads\Testing_Normal_Videos\Testing_Normal_Videos_Anomaly\Normal_Videos_439_x264.mp4,test,0,Normal,UCF-Crime,Normal,binary_anomaly_detection
Normal_Videos_452_x264,C:\Users\Jnapikachowdary\Downloads\Testing_Normal_Videos\Testing_Normal_Videos_Anomaly\Normal_Videos_452_x264.mp4,test,0,Normal,UCF-Crime,Normal,binary_anomaly_detection
Normal_Videos_453_x264,C:\Users\Jnapikachowdary\Downloads\Testing_Normal_Videos\Testing_Normal_Videos_Anomaly\Normal_Videos_453_x264.mp4,test,0,Normal,UCF-Crime,Normal,binary_anomaly_detection
Normal_Videos_478_x264,C:\Users\Jnapikachowdary\Downloads\Testing_Normal_Videos\Testing_Normal_Videos_Anomaly\Normal_Videos_478_x264.mp4,test,0,Normal,UCF-Crime,Normal,binary_anomaly_detection
Normal_Videos_576_x264,C:\Users\Jnapikachowdary\Downloads\Testing_Normal_Videos\Testing_Normal_Videos_Anomaly\Normal_Videos_576_x264.mp4,test,0,Normal,UCF-Crime,Normal,binary_anomaly_detection
Normal_Videos_597_x264,C:\Users\Jnapikachowdary\Downloads\Testing_Normal_Videos\Testing_Normal_Videos_Anomaly\Normal_Videos_597_x264.mp4,test,0,Normal,UCF-Crime,Normal,binary_anomaly_detection
Normal_Videos_603_x264,C:\Users\Jnapikachowdary\Downloads\Testing_Normal_Videos\Testing_Normal_Videos_Anomaly\Normal_Videos_603_x264.mp4,test,0,Normal,UCF-Crime,Normal,binary_anomaly_detection
Normal_Videos_606_x264,C:\Users\Jnapikachowdary\Downloads\Testing_Normal_Videos\Testing_Normal_Videos_Anomaly\Normal_Videos_606_x264.mp4,test,0,Normal,UCF-Crime,Normal,binary_anomaly_detection
Normal_Videos_621_x264,C:\Users\Jnapikachowdary\Downloads\Testing_Normal_Videos\Testing_Normal_Videos_Anomaly\Normal_Videos_621_x264.mp4,test,0,Normal,UCF-Crime,Normal,binary_anomaly_detection
Normal_Videos_634_x264,C:\Users\Jnapikachowdary\Downloads\Testing_Normal_Videos\Testing_Normal_Videos_Anomaly\Normal_Videos_634_x264.mp4,test,0,Normal,UCF-Crime,Normal,binary_anomaly_detection
Normal_Videos_641_x264,C:\Users\Jnapikachowdary\Downloads\Testing_Normal_Videos\Testing_Normal_Videos_Anomaly\Normal_Videos_641_x264.mp4,test,0,Normal,UCF-Crime,Normal,binary_anomaly_detection
Normal_Videos_656_x264,C:\Users\Jnapikachowdary\Downloads\Testing_Normal_Videos\Testing_Normal_Videos_Anomaly\Normal_Videos_656_x264.mp4,test,0,Normal,UCF-Crime,Normal,binary_anomaly_detection
Normal_Videos_686_x264,C:\Users\Jnapikachowdary\Downloads\Testing_Normal_Videos\Testing_Normal_Videos_Anomaly\Normal_Videos_686_x264.mp4,test,0,Normal,UCF-Crime,Normal,binary_anomaly_detection
Normal_Videos_696_x264,C:\Users\Jnapikachowdary\Downloads\Testing_Normal_Videos\Testing_Normal_Videos_Anomaly\Normal_Videos_696_x264.mp4,test,0,Normal,UCF-Crime,Normal,binary_anomaly_detection
Normal_Videos_702_x264,C:\Users\Jnapikachowdary\Downloads\Testing_Normal_Videos\Testing_Normal_Videos_Anomaly\Normal_Videos_702_x264.mp4,test,0,Normal,UCF-Crime,Normal,binary_anomaly_detection
Normal_Videos_704_x264,C:\Users\Jnapikachowdary\Downloads\Testing_Normal_Videos\Testing_Normal_Videos_Anomaly\Normal_Videos_704_x264.mp4,test,0,Normal,UCF-Crime,Normal,binary_anomaly_detection
Normal_Videos_710_x264,C:\Users\Jnapikachowdary\Downloads\Testing_Normal_Videos\Testing_Normal_Videos_Anomaly\Normal_Videos_710_x264.mp4,test,0,Normal,UCF-Crime,Normal,binary_anomaly_detection
Normal_Videos_717_x264,C:\Users\Jnapikachowdary\Downloads\Testing_Normal_Videos\Testing_Normal_Videos_Anomaly\Normal_Videos_717_x264.mp4,test,0,Normal,UCF-Crime,Normal,binary_anomaly_detection
Normal_Videos_722_x264,C:\Users\Jnapikachowdary\Downloads\Testing_Normal_Videos\Testing_Normal_Videos_Anomaly\Normal_Videos_722_x264.mp4,test,0,Normal,UCF-Crime,Normal,binary_anomaly_detection
Normal_Videos_725_x264,C:\Users\Jnapikachowdary\Downloads\Testing_Normal_Videos\Testing_Normal_Videos_Anomaly\Normal_Videos_725_x264.mp4,test,0,Normal,UCF-Crime,Normal,binary_anomaly_detection
Normal_Videos_745_x264,C:\Users\Jnapikachowdary\Downloads\Testing_Normal_Videos\Testing_Normal_Videos_Anomaly\Normal_Videos_745_x264.mp4,test,0,Normal,UCF-Crime,Normal,binary_anomaly_detection
Normal_Videos_758_x264,C:\Users\Jnapikachowdary\Downloads\Testing_Normal_Videos\Testing_Normal_Videos_Anomaly\Normal_Videos_758_x264.mp4,test,0,Normal,UCF-Crime,Normal,binary_anomaly_detection
Normal_Videos_778_x264,C:\Users\Jnapikachowdary\Downloads\Testing_Normal_Videos\Testing_Normal_Videos_Anomaly\Normal_Videos_778_x264.mp4,test,0,Normal,UCF-Crime,Normal,binary_anomaly_detection
Normal_Videos_780_x264,C:\Users\Jnapikachowdary\Downloads\Testing_Normal_Videos\Testing_Normal_Videos_Anomaly\Normal_Videos_780_x264.mp4,test,0,Normal,UCF-Crime,Normal,binary_anomaly_detection
Normal_Videos_781_x264,C:\Users\Jnapikachowdary\Downloads\Testing_Normal_Videos\Testing_Normal_Videos_Anomaly\Normal_Videos_781_x264.mp4,test,0,Normal,UCF-Crime,Normal,binary_anomaly_detection
Normal_Videos_782_x264,C:\Users\Jnapikachowdary\Downloads\Testing_Normal_Videos\Testing_Normal_Videos_Anomaly\Normal_Videos_782_x264.mp4,test,0,Normal,UCF-Crime,Normal,binary_anomaly_detection
Normal_Videos_783_x264,C:\Users\Jnapikachowdary\Downloads\Testing_Normal_Videos\Testing_Normal_Videos_Anomaly\Normal_Videos_783_x264.mp4,test,0,Normal,UCF-Crime,Normal,binary_anomaly_detection
Normal_Videos_798_x264,C:\Users\Jnapikachowdary\Downloads\Testing_Normal_Videos\Testing_Normal_Videos_Anomaly\Normal_Videos_798_x264.mp4,test,0,Normal,UCF-Crime,Normal,binary_anomaly_detection
Normal_Videos_801_x264,C:\Users\Jnapikachowdary\Downloads\Testing_Normal_Videos\Testing_Normal_Videos_Anomaly\Normal_Videos_801_x264.mp4,test,0,Normal,UCF-Crime,Normal,binary_anomaly_detection
Normal_Videos_828_x264,C:\Users\Jnapikachowdary\Downloads\Testing_Normal_Videos\Testing_Normal_Videos_Anomaly\Normal_Videos_828_x264.mp4,test,0,Normal,UCF-Crime,Normal,binary_anomaly_detection
Normal_Videos_831_x264,C:\Users\Jnapikachowdary\Downloads\Testing_Normal_Videos\Testing_Normal_Videos_Anomaly\Normal_Videos_831_x264.mp4,test,0,Normal,UCF-Crime,Normal,binary_anomaly_detection
Normal_Videos_866_x264,C:\Users\Jnapikachowdary\Downloads\Testing_Normal_Videos\Testing_Normal_Videos_Anomaly\Normal_Videos_866_x264.mp4,test,0,Normal,UCF-Crime,Normal,binary_anomaly_detection
Normal_Videos_867_x264,C:\Users\Jnapikachowdary\Downloads\Testing_Normal_Videos\Testing_Normal_Videos_Anomaly\Normal_Videos_867_x264.mp4,test,0,Normal,UCF-Crime,Normal,binary_anomaly_detection
Normal_Videos_868_x264,C:\Users\Jnapikachowdary\Downloads\Testing_Normal_Videos\Testing_Normal_Videos_Anomaly\Normal_Videos_868_x264.mp4,test,0,Normal,UCF-Crime,Normal,binary_anomaly_detection
Normal_Videos_869_x264,C:\Users\Jnapikachowdary\Downloads\Testing_Normal_Videos\Testing_Normal_Videos_Anomaly\Normal_Videos_869_x264.mp4,test,0,Normal,UCF-Crime,Normal,binary_anomaly_detection
Normal_Videos_870_x264,C:\Users\Jnapikachowdary\Downloads\Testing_Normal_Videos\Testing_Normal_Videos_Anomaly\Normal_Videos_870_x264.mp4,test,0,Normal,UCF-Crime,Normal,binary_anomaly_detection
Normal_Videos_871_x264,C:\Users\Jnapikachowdary\Downloads\Testing_Normal_Videos\Testing_Normal_Videos_Anomaly\Normal_Videos_871_x264.mp4,test,0,Normal,UCF-Crime,Normal,binary_anomaly_detection
Normal_Videos_872_x264,C:\Users\Jnapikachowdary\Downloads\Testing_Normal_Videos\Testing_Normal_Videos_Anomaly\Normal_Videos_872_x264.mp4,test,0,Normal,UCF-Crime,Normal,binary_anomaly_detection
Normal_Videos_873_x264,C:\Users\Jnapikachowdary\Downloads\Testing_Normal_Videos\Testing_Normal_Videos_Anomaly\Normal_Videos_873_x264.mp4,test,0,Normal,UCF-Crime,Normal,binary_anomaly_detection
Normal_Videos_874_x264,C:\Users\Jnapikachowdary\Downloads\Testing_Normal_Videos\Testing_Normal_Videos_Anomaly\Normal_Videos_874_x264.mp4,test,0,Normal,UCF-Crime,Normal,binary_anomaly_detection
Normal_Videos_875_x264,C:\Users\Jnapikachowdary\Downloads\Testing_Normal_Videos\Testing_Normal_Videos_Anomaly\Normal_Videos_875_x264.mp4,test,0,Normal,UCF-Crime,Normal,binary_anomaly_detection
Normal_Videos_876_x264,C:\Users\Jnapikachowdary\Downloads\Testing_Normal_Videos\Testing_Normal_Videos_Anomaly\Normal_Videos_876_x264.mp4,test,0,Normal,UCF-Crime,Normal,binary_anomaly_detection
Normal_Videos_877_x264,C:\Users\Jnapikachowdary\Downloads\Testing_Normal_Videos\Testing_Normal_Videos_Anomaly\Normal_Videos_877_x264.mp4,test,0,Normal,UCF-Crime,Normal,binary_anomaly_detection
Normal_Videos_878_x264,C:\Users\Jnapikachowdary\Downloads\Testing_Normal_Videos\Testing_Normal_Videos_Anomaly\Normal_Videos_878_x264.mp4,test,0,Normal,UCF-Crime,Normal,binary_anomaly_detection
Normal_Videos_879_x264,C:\Users\Jnapikachowdary\Downloads\Testing_Normal_Videos\Testing_Normal_Videos_Anomaly\Normal_Videos_879_x264.mp4,test,0,Normal,UCF-Crime,Normal,binary_anomaly_detection
Normal_Videos_880_x264,C:\Users\Jnapikachowdary\Downloads\Testing_Normal_Videos\Testing_Normal_Videos_Anomaly\Normal_Videos_880_x264.mp4,test,0,Normal,UCF-Crime,Normal,binary_anomaly_detection
Normal_Videos_881_x264,C:\Users\Jnapikachowdary\Downloads\Testing_Normal_Videos\Testing_Normal_Videos_Anomaly\Normal_Videos_881_x264.mp4,test,0,Normal,UCF-Crime,Normal,binary_anomaly_detection
Normal_Videos_882_x264,C:\Users\Jnapikachowdary\Downloads\Testing_Normal_Videos\Testing_Normal_Videos_Anomaly\Normal_Videos_882_x264.mp4,test,0,Normal,UCF-Crime,Normal,binary_anomaly_detection
Normal_Videos_883_x264,C:\Users\Jnapikachowdary\Downloads\Testing_Normal_Videos\Testing_Normal_Videos_Anomaly\Normal_Videos_883_x264.mp4,test,0,Normal,UCF-Crime,Normal,binary_anomaly_detection
Normal_Videos_884_x264,C:\Users\Jnapikachowdary\Downloads\Testing_Normal_Videos\Testing_Normal_Videos_Anomaly\Normal_Videos_884_x264.mp4,test,0,Normal,UCF-Crime,Normal,binary_anomaly_detection
Normal_Videos_885_x264,C:\Users\Jnapikachowdary\Downloads\Testing_Normal_Videos\Testing_Normal_Videos_Anomaly\Normal_Videos_885_x264.mp4,test,0,Normal,UCF-Crime,Normal,binary_anomaly_detection
Normal_Videos_886_x264,C:\Users\Jnapikachowdary\Downloads\Testing_Normal_Videos\Testing_Normal_Videos_Anomaly\Normal_Videos_886_x264.mp4,test,0,Normal,UCF-Crime,Normal,binary_anomaly_detection
Normal_Videos_887_x264,C:\Users\Jnapikachowdary\Downloads\Testing_Normal_Videos\Testing_Normal_Videos_Anomaly\Normal_Videos_887_x264.mp4,test,0,Normal,UCF-Crime,Normal,binary_anomaly_detection
Normal_Videos_888_x264,C:\Users\Jnapikachowdary\Downloads\Testing_Normal_Videos\Testing_Normal_Videos_Anomaly\Normal_Videos_888_x264.mp4,test,0,Normal,UCF-Crime,Normal,binary_anomaly_detection
Normal_Videos_889_x264,C:\Users\Jnapikachowdary\Downloads\Testing_Normal_Videos\Testing_Normal_Videos_Anomaly\Normal_Videos_889_x264.mp4,test,0,Normal,UCF-Crime,Normal,binary_anomaly_detection
Normal_Videos_890_x264,C:\Users\Jnapikachowdary\Downloads\Testing_Normal_Videos\Testing_Normal_Videos_Anomaly\Normal_Videos_890_x264.mp4,test,0,Normal,UCF-Crime,Normal,binary_anomaly_detection
Normal_Videos_891_x264,C:\Users\Jnapikachowdary\Downloads\Testing_Normal_Videos\Testing_Normal_Videos_Anomaly\Normal_Videos_891_x264.mp4,test,0,Normal,UCF-Crime,Normal,binary_anomaly_detection
Normal_Videos_892_x264,C:\Users\Jnapikachowdary\Downloads\Testing_Normal_Videos\Testing_Normal_Videos_Anomaly\Normal_Videos_892_x264.mp4,test,0,Normal,UCF-Crime,Normal,binary_anomaly_detection
Normal_Videos_893_x264,C:\Users\Jnapikachowdary\Downloads\Testing_Normal_Videos\Testing_Normal_Videos_Anomaly\Normal_Videos_893_x264.mp4,test,0,Normal,UCF-Crime,Normal,binary_anomaly_detection
Normal_Videos_894_x264,C:\Users\Jnapikachowdary\Downloads\Testing_Normal_Videos\Testing_Normal_Videos_Anomaly\Normal_Videos_894_x264.mp4,test,0,Normal,UCF-Crime,Normal,binary_anomaly_detection
Normal_Videos_895_x264,C:\Users\Jnapikachowdary\Downloads\Testing_Normal_Videos\Testing_Normal_Videos_Anomaly\Normal_Videos_895_x264.mp4,test,0,Normal,UCF-Crime,Normal,binary_anomaly_detection
Normal_Videos_896_x264,C:\Users\Jnapikachowdary\Downloads\Testing_Normal_Videos\Testing_Normal_Videos_Anomaly\Normal_Videos_896_x264.mp4,test,0,Normal,UCF-Crime,Normal,binary_anomaly_detection
Normal_Videos_897_x264,C:\Users\Jnapikachowdary\Downloads\Testing_Normal_Videos\Testing_Normal_Videos_Anomaly\Normal_Videos_897_x264.mp4,test,0,Normal,UCF-Crime,Normal,binary_anomaly_detection
Normal_Videos_898_x264,C:\Users\Jnapikachowdary\Downloads\Testing_Normal_Videos\Testing_Normal_Videos_Anomaly\Normal_Videos_898_x264.mp4,test,0,Normal,UCF-Crime,Normal,binary_anomaly_detection
Normal_Videos_899_x264,C:\Users\Jnapikachowdary\Downloads\Testing_Normal_Videos\Testing_Normal_Videos_Anomaly\Normal_Videos_899_x264.mp4,test,0,Normal,UCF-Crime,Normal,binary_anomaly_detection
Normal_Videos_900_x264,C:\Users\Jnapikachowdary\Downloads\Testing_Normal_Videos\Testing_Normal_Videos_Anomaly\Normal_Videos_900_x264.mp4,test,0,Normal,UCF-Crime,Normal,binary_anomaly_detection
Normal_Videos_901_x264,C:\Users\Jnapikachowdary\Downloads\Testing_Normal_Videos\Testing_Normal_Videos_Anomaly\Normal_Videos_901_x264.mp4,test,0,Normal,UCF-Crime,Normal,binary_anomaly_detection
Normal_Videos_902_x264,C:\Users\Jnapikachowdary\Downloads\Testing_Normal_Videos\Testing_Normal_Videos_Anomaly\Normal_Videos_902_x264.mp4,test,0,Normal,UCF-Crime,Normal,binary_anomaly_detection
Normal_Videos_903_x264,C:\Users\Jnapikachowdary\Downloads\Testing_Normal_Videos\Testing_Normal_Videos_Anomaly\Normal_Videos_903_x264.mp4,test,0,Normal,UCF-Crime,Normal,binary_anomaly_detection
Normal_Videos_904_x264,C:\Users\Jnapikachowdary\Downloads\Testing_Normal_Videos\Testing_Normal_Videos_Anomaly\Normal_Videos_904_x264.mp4,test,0,Normal,UCF-Crime,Normal,binary_anomaly_detection
Normal_Videos_905_x264,C:\Users\Jnapikachowdary\Downloads\Testing_Normal_Videos\Testing_Normal_Videos_Anomaly\Normal_Videos_905_x264.mp4,test,0,Normal,UCF-Crime,Normal,binary_anomaly_detection
Normal_Videos_906_x264,C:\Users\Jnapikachowdary\Downloads\Testing_Normal_Videos\Testing_Normal_Videos_Anomaly\Normal_Videos_906_x264.mp4,test,0,Normal,UCF-Crime,Normal,binary_anomaly_detection
Normal_Videos_907_x264,C:\Users\Jnapikachowdary\Downloads\Testing_Normal_Videos\Testing_Normal_Videos_Anomaly\Normal_Videos_907_x264.mp4,test,0,Normal,UCF-Crime,Normal,binary_anomaly_detection
Normal_Videos_908_x264,C:\Users\Jnapikachowdary\Downloads\Testing_Normal_Videos\Testing_Normal_Videos_Anomaly\Normal_Videos_908_x264.mp4,test,0,Normal,UCF-Crime,Normal,binary_anomaly_detection
Normal_Videos_909_x264,C:\Users\Jnapikachowdary\Downloads\Testing_Normal_Videos\Testing_Normal_Videos_Anomaly\Normal_Videos_909_x264.mp4,test,0,Normal,UCF-Crime,Normal,binary_anomaly_detection
Normal_Videos_910_x264,C:\Users\Jnapikachowdary\Downloads\Testing_Normal_Videos\Testing_Normal_Videos_Anomaly\Normal_Videos_910_x264.mp4,test,0,Normal,UCF-Crime,Normal,binary_anomaly_detection
Normal_Videos_911_x264,C:\Users\Jnapikachowdary\Downloads\Testing_Normal_Videos\Testing_Normal_Videos_Anomaly\Normal_Videos_911_x264.mp4,test,0,Normal,UCF-Crime,Normal,binary_anomaly_detection
Normal_Videos_912_x264,C:\Users\Jnapikachowdary\Downloads\Testing_Normal_Videos\Testing_Normal_Videos_Anomaly\Normal_Videos_912_x264.mp4,test,0,Normal,UCF-Crime,Normal,binary_anomaly_detection
Normal_Videos_913_x264,C:\Users\Jnapikachowdary\Downloads\Testing_Normal_Videos\Testing_Normal_Videos_Anomaly\Normal_Videos_913_x264.mp4,test,0,Normal,UCF-Crime,Normal,binary_anomaly_detection
Normal_Videos_914_x264,C:\Users\Jnapikachowdary\Downloads\Testing_Normal_Videos\Testing_Normal_Videos_Anomaly\Normal_Videos_914_x264.mp4,test,0,Normal,UCF-Crime,Normal,binary_anomaly_detection
Normal_Videos_915_x264,C:\Users\Jnapikachowdary\Downloads\Testing_Normal_Videos\Testing_Normal_Videos_Anomaly\Normal_Videos_915_x264.mp4,test,0,Normal,UCF-Crime,Normal,binary_anomaly_detection
Normal_Videos_923_x264,C:\Users\Jnapikachowdary\Downloads\Testing_Normal_Videos\Testing_Normal_Videos_Anomaly\Normal_Videos_923_x264.mp4,test,0,Normal,UCF-Crime,Normal,binary_anomaly_detection
Normal_Videos_924_x264,C:\Users\Jnapikachowdary\Downloads\Testing_Normal_Videos\Testing_Normal_Videos_Anomaly\Normal_Videos_924_x264.mp4,test,0,Normal,UCF-Crime,Normal,binary_anomaly_detection
Normal_Videos_925_x264,C:\Users\Jnapikachowdary\Downloads\Testing_Normal_Videos\Testing_Normal_Videos_Anomaly\Normal_Videos_925_x264.mp4,test,0,Normal,UCF-Crime,Normal,binary_anomaly_detection
Normal_Videos_926_x264,C:\Users\Jnapikachowdary\Downloads\Testing_Normal_Videos\Testing_Normal_Videos_Anomaly\Normal_Videos_926_x264.mp4,test,0,Normal,UCF-Crime,Normal,binary_anomaly_detection
Normal_Videos_927_x264,C:\Users\Jnapikachowdary\Downloads\Testing_Normal_Videos\Testing_Normal_Videos_Anomaly\Normal_Videos_927_x264.mp4,test,0,Normal,UCF-Crime,Normal,binary_anomaly_detection
Normal_Videos_928_x264,C:\Users\Jnapikachowdary\Downloads\Testing_Normal_Videos\Testing_Normal_Videos_Anomaly\Normal_Videos_928_x264.mp4,test,0,Normal,UCF-Crime,Normal,binary_anomaly_detection
Normal_Videos_929_x264,C:\Users\Jnapikachowdary\Downloads\Testing_Normal_Videos\Testing_Normal_Videos_Anomaly\Normal_Videos_929_x264.mp4,test,0,Normal,UCF-Crime,Normal,binary_anomaly_detection
Normal_Videos_930_x264,C:\Users\Jnapikachowdary\Downloads\Testing_Normal_Videos\Testing_Normal_Videos_Anomaly\Normal_Videos_930_x264.mp4,test,0,Normal,UCF-Crime,Normal,binary_anomaly_detection
Normal_Videos_931_x264,C:\Users\Jnapikachowdary\Downloads\Testing_Normal_Videos\Testing_Normal_Videos_Anomaly\Normal_Videos_931_x264.mp4,test,0,Normal,UCF-Crime,Normal,binary_anomaly_detection
Normal_Videos_932_x264,C:\Users\Jnapikachowdary\Downloads\Testing_Normal_Videos\Testing_Normal_Videos_Anomaly\Normal_Videos_932_x264.mp4,test,0,Normal,UCF-Crime,Normal,binary_anomaly_detection
Normal_Videos_933_x264,C:\Users\Jnapikachowdary\Downloads\Testing_Normal_Videos\Testing_Normal_Videos_Anomaly\Normal_Videos_933_x264.mp4,test,0,Normal,UCF-Crime,Normal,binary_anomaly_detection
Normal_Videos_934_x264,C:\Users\Jnapikachowdary\Downloads\Testing_Normal_Videos\Testing_Normal_Videos_Anomaly\Normal_Videos_934_x264.mp4,test,0,Normal,UCF-Crime,Normal,binary_anomaly_detection
Normal_Videos_935_x264,C:\Users\Jnapikachowdary\Downloads\Testing_Normal_Videos\Testing_Normal_Videos_Anomaly\Normal_Videos_935_x264.mp4,test,0,Normal,UCF-Crime,Normal,binary_anomaly_detection
Normal_Videos_936_x264,C:\Users\Jnapikachowdary\Downloads\Testing_Normal_Videos\Testing_Normal_Videos_Anomaly\Normal_Videos_936_x264.mp4,test,0,Normal,UCF-Crime,Normal,binary_anomaly_detection
Normal_Videos_937_x264,C:\Users\Jnapikachowdary\Downloads\Testing_Normal_Videos\Testing_Normal_Videos_Anomaly\Normal_Videos_937_x264.mp4,test,0,Normal,UCF-Crime,Normal,binary_anomaly_detection
Normal_Videos_938_x264,C:\Users\Jnapikachowdary\Downloads\Testing_Normal_Videos\Testing_Normal_Videos_Anomaly\Normal_Videos_938_x264.mp4,test,0,Normal,UCF-Crime,Normal,binary_anomaly_detection
Normal_Videos_939_x264,C:\Users\Jnapikachowdary\Downloads\Testing_Normal_Videos\Testing_Normal_Videos_Anomaly\Normal_Videos_939_x264.mp4,test,0,Normal,UCF-Crime,Normal,binary_anomaly_detection
Normal_Videos_940_x264,C:\Users\Jnapikachowdary\Downloads\Testing_Normal_Videos\Testing_Normal_Videos_Anomaly\Normal_Videos_940_x264.mp4,test,0,Normal,UCF-Crime,Normal,binary_anomaly_detection
Normal_Videos_941_x264,C:\Users\Jnapikachowdary\Downloads\Testing_Normal_Videos\Testing_Normal_Videos_Anomaly\Normal_Videos_941_x264.mp4,test,0,Normal,UCF-Crime,Normal,binary_anomaly_detection
Normal_Videos_943_x264,C:\Users\Jnapikachowdary\Downloads\Testing_Normal_Videos\Testing_Normal_Videos_Anomaly\Normal_Videos_943_x264.mp4,test,0,Normal,UCF-Crime,Normal,binary_anomaly_detection
Normal_Videos_944_x264,C:\Users\Jnapikachowdary\Downloads\Testing_Normal_Videos\Testing_Normal_Videos_Anomaly\Normal_Videos_944_x264.mp4,test,0,Normal,UCF-Crime,Normal,binary_anomaly_detection
